<?xml version="1.0"?>

<PropertyList>

  <!-- Export X/Y with Mirror col. as Ambient -->
  <path>Models/pa28-181.ac</path>

  <!-- REMBRANDT -->

  <animation>
    <type>select</type>
    <condition>
      <property>/sim/rendering/rembrandt/enabled</property>
    </condition>
    <object-name>shadow catcher</object-name>
  </animation>

  <effect>
    <condition>
      <property>/sim/rendering/rembrandt/enabled</property>
    </condition>
    <inherits-from>Effects/model-transparent</inherits-from>
    <object-name>prop disc</object-name>
    <object-name>left landing light flare</object-name>
    <object-name>right landing light flare</object-name>
    <object-name>left navigation light flare</object-name>
    <object-name>right navigation light flare</object-name>
    <object-name>left strobe light flare</object-name>
    <object-name>right strobe light flare</object-name>
    <object-name>tail beacon light flare</object-name>
  </effect>

  <effect>
    <inherits-from>Aircraft/pa28-181/Models/Effects/fuselage</inherits-from>
  </effect>

  <!-- COCKPIT -->

  <!-- <effect> -->
  <!--   <inherits-from>Aircraft/pa28-181/Models/Effects/brown-plastic</inherits-from> -->
  <!--   <object-name>dashboard</object-name> -->
  <!--   <object-name>throttle quadrant</object-name> -->
  <!-- </effect> -->

  <!-- <effect> -->
  <!--   <inherits-from>Aircraft/pa28-181/Models/Effects/black-plastic</inherits-from> -->
  <!--   <object-name>engine gauge trim</object-name> -->
  <!--   <object-name>yoke mount trim</object-name> -->
  <!--   <object-name>throttle quadrant trim</object-name> -->
  <!--   <object-name>dashboard top</object-name> -->
  <!-- </effect> -->

  <effect>
    <inherits-from>Aircraft/pa28-181/Models/Effects/carpet</inherits-from>
    <object-name>floor</object-name>
  </effect>

  <model>
    <name>fuel selector</name>
    <path>Aircraft/pa28-181/Instruments/fuel-selector/fuel-selector.xml</path>
    <offsets>
      <pitch-deg>90</pitch-deg>
      <roll-deg>180</roll-deg>
      <heading-deg>90</heading-deg>
      <x-m>-1.710</x-m>
      <y-m>-0.485</y-m>
      <z-m>-0.080</z-m>
    </offsets>
  </model>

  <model>
    <name>clock</name>
    <path>Aircraft/pa28-181/Instruments/clock/clock.xml</path>
    <offsets>
      <pitch-deg>90</pitch-deg>
      <roll-deg>180</roll-deg>
      <x-m>-1.95</x-m>
      <y-m>-0.39</y-m>
      <z-m>0.24</z-m>
    </offsets>
  </model>

  <model>
    <name>airspeed</name>
    <path>Aircraft/pa28-181/Instruments/airspeed/airspeed.xml</path>
    <offsets>
      <pitch-deg>90</pitch-deg>
      <roll-deg>180</roll-deg>
      <x-m>-1.95</x-m>
      <y-m>-0.31</y-m>
      <z-m>0.25</z-m>
    </offsets>
  </model>

  <model>
    <name>attitude</name>
    <path>Aircraft/pa28-181/Instruments/attitude/attitude.xml</path>
    <offsets>
      <pitch-deg>90</pitch-deg>
      <roll-deg>180</roll-deg>
      <x-m>-1.95</x-m>
      <y-m>-0.22</y-m>
      <z-m>0.25</z-m>
    </offsets>
  </model>

  <model>
    <name>altimeter</name>
    <path>Aircraft/pa28-181/Instruments/altimeter/altimeter.xml</path>
    <offsets>
      <pitch-deg>90</pitch-deg>
      <roll-deg>180</roll-deg>
      <x-m>-1.95</x-m>
      <y-m>-0.13</y-m>
      <z-m>0.25</z-m>
    </offsets>
  </model>

  <model>
    <name>bank</name>
    <path>Aircraft/pa28-181/Instruments/bank/bank.xml</path>
    <offsets>
      <pitch-deg>90</pitch-deg>
      <roll-deg>180</roll-deg>
      <x-m>-1.95</x-m>
      <y-m>-0.31</y-m>
      <z-m>0.16</z-m>
    </offsets>
  </model>

  <model>
    <name>compass</name>
    <path>Aircraft/pa28-181/Instruments/compass/compass.xml</path>
    <offsets>
      <pitch-deg>90</pitch-deg>
      <roll-deg>180</roll-deg>
      <x-m>-1.95</x-m>
      <y-m>-0.22</y-m>
      <z-m> 0.16</z-m>
    </offsets>
  </model>

  <model>
    <name>vsi</name>
    <path>Aircraft/pa28-181/Instruments/vsi/vsi.xml</path>
    <offsets>
      <pitch-deg>90</pitch-deg>
      <roll-deg>180</roll-deg>
      <x-m>-1.95</x-m>
      <y-m>-0.13</y-m>
      <z-m> 0.16</z-m>
    </offsets>
  </model>

  <!-- fuel row -->

  <model>
    <name>placeholder</name>
    <path>Aircraft/pa28-181/Instruments/placeholder/placeholder.xml</path>
    <offsets>
      <pitch-deg>90</pitch-deg>
      <roll-deg>180</roll-deg>
      <x-m>-1.96</x-m>
      <y-m>-0.19</y-m>
      <z-m> 0.07</z-m>
    </offsets>
  </model>

  <model>
    <name>fuel-left</name>
    <path>Aircraft/pa28-181/Instruments/fuel/fuel-left.xml</path>
    <offsets>
      <pitch-deg>90</pitch-deg>
      <roll-deg>180</roll-deg>
      <x-m>-1.96</x-m>
      <y-m>-0.15</y-m>
      <z-m> 0.07</z-m>
    </offsets>
  </model>

  <model>
    <name>fuel-pressure</name>
    <path>Aircraft/pa28-181/Instruments/fuel-pressure/fuel-pressure.xml</path>
    <offsets>
      <pitch-deg>90</pitch-deg>
      <roll-deg>180</roll-deg>
      <x-m>-1.96</x-m>
      <y-m>-0.11</y-m>
      <z-m> 0.07</z-m>
    </offsets>
  </model>

  <model>
    <name>fuel-right</name>
    <path>Aircraft/pa28-181/Instruments/fuel/fuel-right.xml</path>
    <offsets>
      <pitch-deg>90</pitch-deg>
      <roll-deg>180</roll-deg>
      <x-m>-1.96</x-m>
      <y-m>-0.07</y-m>
      <z-m> 0.07</z-m>
    </offsets>
  </model>

  <model>
    <name>placeholder</name>
    <path>Aircraft/pa28-181/Instruments/placeholder/placeholder.xml</path>
    <offsets>
      <pitch-deg>90</pitch-deg>
      <roll-deg>180</roll-deg>
      <x-m>-1.96</x-m>
      <y-m>-0.03</y-m>
      <z-m> 0.07</z-m>
    </offsets>
  </model>

  <!-- battery row -->

  <model>
    <name>placeholder</name>
    <path>Aircraft/pa28-181/Instruments/placeholder/placeholder.xml</path>
    <offsets>
      <pitch-deg>90</pitch-deg>
      <roll-deg>180</roll-deg>
      <x-m>-1.96</x-m>
      <y-m>-0.43</y-m>
      <z-m> 0.07</z-m>
    </offsets>
  </model>

  <model>
    <name>oil-pressure</name>
    <path>Aircraft/pa28-181/Instruments/oil-pressure/oil-pressure.xml</path>
    <offsets>
      <pitch-deg>90</pitch-deg>
      <roll-deg>180</roll-deg>
      <x-m>-1.96</x-m>
      <y-m>-0.39</y-m>
      <z-m> 0.07</z-m>
    </offsets>
  </model>

  <model>
    <name>battery</name>
    <path>Aircraft/pa28-181/Instruments/battery/battery.xml</path>
    <offsets>
      <pitch-deg>90</pitch-deg>
      <roll-deg>180</roll-deg>
      <x-m>-1.96</x-m>
      <y-m>-0.35</y-m>
      <z-m> 0.07</z-m>
    </offsets>
  </model>

  <model>
    <name>oil-temperature</name>
    <path>Aircraft/pa28-181/Instruments/oil-temperature/oil-temperature.xml</path>
    <offsets>
      <pitch-deg>90</pitch-deg>
      <roll-deg>180</roll-deg>
      <x-m>-1.96</x-m>
      <y-m>-0.31</y-m>
      <z-m> 0.07</z-m>
    </offsets>
  </model>

  <!-- Switches -->

  <model>
    <name>switches</name>
    <path>Aircraft/pa28-181/Instruments/switches/switches.xml</path>
    <offsets>
      <pitch-deg>90</pitch-deg>
      <roll-deg>180</roll-deg>
      <x-m>-1.9610</x-m>
      <y-m> 0.1000</y-m>
      <z-m> 0.0505</z-m>
    </offsets>
  </model>

  <!-- engine instruments -->

  <model>
    <name>key</name>
    <path>Aircraft/pa28-181/Instruments/key/key.xml</path>
    <offsets>
      <pitch-deg>90</pitch-deg>
      <roll-deg>180</roll-deg>
      <x-m>-1.952</x-m>
      <y-m>-0.213</y-m>
      <z-m>-0.060</z-m>
    </offsets>
  </model>

  <model>
    <name>tachometer</name>
    <path>Aircraft/pa28-181/Instruments/tachometer/tachometer.xml</path>
    <offsets>
      <pitch-deg>90</pitch-deg>
      <roll-deg>180</roll-deg>
      <x-m>-1.95</x-m>
      <y-m>-0.06</y-m>
      <z-m>-0.04</z-m>
    </offsets>
  </model>

  <!-- COCKPIT LIGHTING -->

  <animation>
    <type>material</type>
    <condition>
      <not>
        <property>/sim/rendering/rembrandt/enabled</property>
      </not>
    </condition>
    <object-name>dashboard</object-name>
    <object-name>cockpit registration</object-name>
    <object-name>glareshield</object-name>
    <object-name>yoke mount trim</object-name>
    <object-name>engine gauge trim</object-name>
    <object-name>left yoke logo</object-name>
    <object-name>right yoke logo</object-name>
    <object-name>engine gauge trim</object-name>
    <object-name>throttle quadrant trim</object-name>
    <object-name>throttle quadrant</object-name>
    <object-name>knee padding</object-name>

    <!-- <object-name>yoke rod</object-name> -->
    <!-- <object-name>yoke rod gasket</object-name> -->
    <!-- <object-name>left yoke</object-name> -->
    <!-- <object-name>right yoke</object-name> -->
    <!-- <object-name>throttle lever</object-name> -->
    <emission>
      <red>0.3</red>
      <green>0.2</green>
      <blue>0.2</blue>
      <factor-prop>electrical/outputs/cockpit-lights/brightness</factor-prop>
    </emission>
  </animation>

  <animation>
    <type>range</type>
    <object-name>fuel selector</object-name>
    <object-name>left yoke</object-name>
    <object-name>left yoke logo</object-name>
    <object-name>left yoke</object-name>
    <object-name>right yoke logo</object-name>
    <object-name>yoke rod</object-name>
    <object-name>yoke rod trim</object-name>
    <min-m>   0</min-m>
    <min-m>1000</min-m>
  </animation>

  <animation>
    <type>range</type>
    <object-name>clock</object-name>
    <object-name>airspeed</object-name>
    <object-name>attitude</object-name>
    <object-name>altimeter</object-name>
    <object-name>bank</object-name>
    <object-name>compass</object-name>
    <object-name>vsi</object-name>
    <object-name>placeholder</object-name>
    <object-name>fuel-left</object-name>
    <object-name>fuel-pressure</object-name>
    <object-name>fuel-right</object-name>
    <object-name>oil-pressure</object-name>
    <object-name>oil-temperature</object-name>
    <object-name>switches</object-name>
    <object-name>key</object-name>
    <object-name>tachometer</object-name>
    <min-m>   0</min-m>
    <min-m> 500</min-m>
  </animation>

  <!-- Rembrandt -->

  <animation>
    <type>light</type>
    <light-type>point</light-type>
    <name>cockpit light</name>
    <object-name>cockpit light volume</object-name>
    <nopreview />
    <position>
      <x>-1.50</x>
      <y> 0.00</y>
      <z> 0.62</z>
    </position>
    <ambient>
      <r>0.03</r>
      <g>0.03</g>
      <b>0.03</b>
      <a>1.0</a>
    </ambient>
    <diffuse>
      <r>1.7</r>
      <g>1.7</g>
      <b>1.3</b>
      <a>1.0</a>
    </diffuse>
    <specular>
      <r>0.7</r>
      <g>0.7</g>
      <b>0.5</b>
      <a>1.0</a>
    </specular>
    <dim-factor>
      <property>electrical/outputs/cockpit-lights/brightness</property>
      <factor>1.0</factor>
    </dim-factor>
    <attenuation>
      <c>1.0</c>
      <l>3.0</l>
      <q>0.5</q>
    </attenuation>
    <near-m>0.05</near-m>
    <far-m> 1.30</far-m>
  </animation>

  <animation>
    <type>select</type>
    <object-name>cockpit light</object-name>
    <condition>
      <greater-than>
        <property>electrical/outputs/cockpit-lights/brightness</property>
        <value>0.05</value>
      </greater-than>
    </condition>
  </animation>

  <!-- SHADERS -->

  <animation>
    <type>shader</type>
    <shader>chrome</shader>
    <texture>Aircraft/pa28-181/Models/Effects/exterior-chrome.png</texture>
    <object-name>prop spinner</object-name>
    <object-name>left main piston</object-name>
    <object-name>right main piston</object-name>
    <object-name>nose gear piston</object-name>
  </animation>

  <animation>
    <type>shader</type>
    <shader>chrome</shader>
    <texture>Aircraft/pa28-181/Models/Effects/exterior-chrome.png</texture>
    <object-name>yoke rod</object-name>
    <object-name>yoke rod gasket</object-name>
  </animation>

  <animation>
    <type>shader</type>
    <shader>chrome</shader>
    <texture>Aircraft/pa28-181/Models/Effects/glossy-black-plastic.png</texture>
    <object-name>throttle lever</object-name>
    <object-name>left yoke</object-name>
    <object-name>right yoke</object-name>
  </animation>

  <animation>
    <type>shader</type>
    <shader>chrome</shader>
    <texture>Aircraft/pa28-181/Models/Effects/glass.png</texture>
    <object-name>windshield</object-name>
    <object-name>window 1</object-name>
    <object-name>window 3</object-name>
    <object-name>window 4</object-name>
    <object-name>window 5</object-name>
    <object-name>window 6</object-name>
    <object-name>door window</object-name>
    <object-name>left landing light cover</object-name>
    <object-name>right landing light cover</object-name>
    <object-name>left navigation light cover</object-name>
    <object-name>right navigation light cover</object-name>
    <object-name>tail beacon light cover</object-name>
  </animation>

  <!-- INTERNAL/EXTERNAL -->

  <animation>
    <type>select</type>
    <condition>
      <not>
        <property>sim/current-view/internal</property>
      </not>
    </condition>
    <object-name>windshield</object-name>
    <object-name>window 1</object-name>
    <object-name>window 3</object-name>
    <object-name>window 4</object-name>
    <object-name>window 5</object-name>
    <object-name>window 6</object-name>
    <object-name>door window</object-name>
  </animation>

  <!-- fairings-->

  <animation>
    <type>select</type>
    <condition>
      <property>options/wheel-fairing</property>
    </condition>
    <object-name>main gear fairing</object-name>
    <object-name>left main fairing</object-name>
    <object-name>right main fairing</object-name>
    <object-name>nose gear fairing</object-name>
  </animation>

  <!-- COCKPIT -->

  <!-- yoke -->

  <animation>
    <type>select</type>
    <condition>
      <property>options/yoke-visible</property>
    </condition>
    <object-name>yoke rod gasket</object-name>
    <object-name>yoke rod</object-name>
    <object-name>left yoke</object-name>
    <object-name>right yoke</object-name>
    <object-name>left yoke logo</object-name>
    <object-name>right yoke logo</object-name>
  </animation>

  <animation>
    <type>translate</type>
    <object-name>yoke rod</object-name>
    <object-name>left yoke</object-name>
    <object-name>right yoke</object-name>
    <object-name>left yoke logo</object-name>
    <object-name>right yoke logo</object-name>
    <property>controls/flight/elevator</property>
    <factor>-0.07</factor>
    <axis>
      <x>1</x>
      <y>0</y>
      <z>0</z>
    </axis>
  </animation>
  
  <animation>
    <type>rotate</type>
    <object-name>left yoke</object-name>
    <object-name>left yoke logo</object-name>
    <property>controls/flight/aileron</property>
    <factor>-90</factor>
    <axis>
      <x>1</x>
      <y>0</y>
      <z>0</z>
    </axis>
    <center>
      <x-m>1.85</x-m>
      <y-m>-0.23</y-m>
      <z-m>0.06</z-m>
    </center>
  </animation>
  
  <animation>
    <type>rotate</type>
    <object-name>right yoke</object-name>
    <object-name>right yoke logo</object-name>
    <property>controls/flight/aileron</property>
    <factor>-90</factor>
    <axis>
      <x>1</x>
      <y>0</y>
      <z>0</z>
    </axis>
    <center>
      <x-m>1.85</x-m>
      <y-m>0.23</y-m>
      <z-m>0.06</z-m>
    </center>
  </animation>

  <animation>
    <type>pick</type>
    <object-name>yoke mount trim</object-name>
    <action>
      <button>0</button>
      <repeatable>false</repeatable>
      <binding>
        <command>property-toggle</command>
        <property>options/yoke-visible</property>
      </binding>
    </action>
  </animation>

  <!-- flaps -->
  
  <animation>
    <type>rotate</type>
    <object-name>flap lever</object-name>
    <property>surface-positions/flap-pos-norm</property>
    <factor>45</factor>
    <axis>
      <x>0</x>
      <y>1</y>
      <z>0</z>
    </axis>
    <center>
      <x-m>-1.510</x-m>
      <y-m> 0.000</y-m>
      <z-m>-0.409</z-m>
    </center>
  </animation>

  <!-- throttle lever -->
  
  <animation>
    <type>knob</type>
    <object-name>throttle lever</object-name>
    <property>controls/engines/engine/throttle</property>
    <interpolation>
      <entry>
	<ind>0</ind>
	<dep>0</dep>
      </entry>
      <entry>
	<ind>1</ind>
	<dep>-60</dep>
      </entry>
    </interpolation>
    <drag-direction>vertical</drag-direction>
    <axis>
      <x>0</x>
      <y>1</y>
      <z>0</z>
    </axis>
    <center>
      <x-m>-1.95</x-m>
      <y-m>0.3</y-m>
      <z-m>-0.095</z-m>
    </center>

    <action>
      <binding>
	<command>property-adjust</command>
	<property>controls/engines/engine/throttle</property>
	<factor>0.02</factor>
	<min>0.0</min>
	<max>1.0</max>                
	<wrap>false</wrap>
      </binding>
    </action>

    <hovered>
      <binding>
	<command>set-tooltip</command>
	<tooltip-id>throttle</tooltip-id>
	<label>Throttle: %d%%</label>
	<mapping>percent</mapping>
	<property>controls/engines/engine/throttle</property>
      </binding>
    </hovered>

  </animation>

  <!-- mixture lever -->
  
  <animation>
    <type>knob</type>
    <object-name>mixture lever</object-name>
    <property>controls/engines/engine/mixture</property>
    <interpolation>
      <entry>
	<ind>0</ind>
	<dep>0</dep>
      </entry>
      <entry>
	<ind>1</ind>
	<dep>-60</dep>
      </entry>
    </interpolation>
    <drag-direction>vertical</drag-direction>
    <axis>
      <x>0</x>
      <y>1</y>
      <z>0</z>
    </axis>
    <center>
      <x-m>-1.950</x-m>
      <y-m> 0.000</y-m>
      <z-m>-0.095</z-m>
    </center>

    <action>
      <binding>
	<command>property-adjust</command>
	<property>controls/engines/engine/mixture</property>
	<factor>0.02</factor>
	<min>0.0</min>
	<max>1.0</max>                
	<wrap>false</wrap>
      </binding>
    </action>

    <hovered>
      <binding>
	<command>set-tooltip</command>
	<tooltip-id>mixture</tooltip-id>
	<label>Mixture: %d%%</label>
	<mapping>percent</mapping>
	<property>controls/engines/engine/mixture</property>
      </binding>
    </hovered>

  </animation>

  <!-- ENGINE -->
  
  <!-- prop -->

  <animation>
    <type>spin</type>
    <object-name>prop blade</object-name>
    <property>engines/engine/rpm</property>
    <axis>
      <x>-1</x>
      <y>0</y>
      <z>0</z>
    </axis>
    <center>
      <x-m>0</x-m>
      <y-m>0</y-m>
      <z-m>0</z-m>
    </center>
  </animation>

  <!-- prop fade-->

  <animation>
    <type>select</type>
    <object-name>prop blade</object-name>
    <condition>
      <less-than>
        <property>engines/engine/rpm</property>
        <value>400</value>
      </less-than>
    </condition>
  </animation>
  
  <animation>
    <type>select</type>
    <object-name>prop disc</object-name>
    <condition>
      <greater-than>
        <property>engines/engine/rpm</property>
        <value>400</value>
      </greater-than>
    </condition>
  </animation>
  
  <animation>
    <type>blend</type>
    <object-name>prop disc</object-name>
    <property>engines/engine[0]/rpm</property>
    <factor>0.0003</factor>
    <max>1.0</max>
    <min>0.0</min>
  </animation>
  
  <!-- GEAR -->

  <!-- fairing select -->

  <animation>
    <type>pick</type>
    <object-name>left main fairing</object-name>
    <object-name>right main fairing</object-name>
    <object-name>nose gear fairing</object-name>

    <object-name>left main wheel</object-name>
    <object-name>right main wheel</object-name>
    <object-name>nose wheel</object-name>
    <action>
      <button>0</button>
      <repeatable>false</repeatable>
      <binding>
        <command>property-toggle</command>
        <property>options/wheel-fairing</property>
      </binding>
    </action>
  </animation>

  <!-- steering -->
  
  <animation>
    <type>rotate</type>
    <object-name>nose wheel</object-name>
    <object-name>nose gear fairing</object-name>
    <object-name>nose gear cylinder</object-name>
    <object-name>nose gear piston</object-name>
    <object-name>nose gear axle</object-name>
    <object-name>nose gear lower arm</object-name>
    <object-name>nose gear upper arm</object-name>
    <factor>-30</factor>
    <property>controls/flight/rudder</property>
    <axis>
      <x>0.2</x>
      <y>0</y>
      <z>0.8</z>
    </axis>
    <center>
      <x-m>-2.75</x-m>
      <y-m>0</y-m>
      <z-m>-1.02</z-m>
    </center>
  </animation>

  <!-- compression -->
  
  <animation>
    <type>rotate</type>
    <object-name>nose gear lower arm</object-name>
    <property>gear/gear[0]/compression-ft</property>
    <interpolation>
      <entry>
        <ind>0</ind>
        <dep>0</dep>
      </entry>
      <entry>
        <ind>1</ind>
        <dep>70</dep>
      </entry>
    </interpolation>
    <center>
      <x-m>-2.6303</x-m>
      <y-m>0</y-m>
      <z-m>-0.7504192</z-m>
    </center>
    <axis>
      <x>0</x>
      <y>1</y>
      <z>0</z>
    </axis>
  </animation>
  
  <animation>
    <type>rotate</type>
    <object-name>nose gear upper arm</object-name>
    <property>gear/gear[0]/compression-ft</property>
    <interpolation>
      <entry>
        <ind>0</ind>
        <dep>0</dep>
      </entry>
      <entry>
        <ind>0.6666</ind>
        <dep>-80</dep>
      </entry>
    </interpolation>
    <center>
      <x-m>-2.556</x-m>
      <y-m>0</y-m>
      <z-m>-0.541</z-m>
    </center>
    <axis>
      <x>0</x>
      <y>1</y>
      <z>0</z>
    </axis>
  </animation>
  
  <animation>
    <type>translate</type>
    <object-name>nose wheel</object-name>
    <object-name>nose gear fairing</object-name>
    <object-name>nose gear piston</object-name>
    <object-name>nose gear axle</object-name>
    <object-name>nose gear lower arm</object-name>
    <property>gear/gear[0]/compression-ft</property>
    <factor>0.3</factor>
    <axis>
      <x> 0.2</x>
      <y> 0.0</y>
      <z> 0.8</z>
    </axis>
  </animation>
  
  <animation>
    <type>rotate</type>
    <object-name>left main gear lower arm</object-name>
    <property>gear/gear[1]/compression-ft</property>
    <interpolation>
      <entry>
        <ind>0</ind>
        <dep>0</dep>
      </entry>
      <entry>
        <ind>1</ind>
        <dep>-40</dep>
      </entry>
    </interpolation>
    <center>
      <x-m>-0.7402972</x-m>
      <y-m>-1.38703</y-m>
      <z-m>-0.8650201</z-m>
    </center>
    <axis>
      <x>0</x>
      <y>-0.994004</y>
      <z>0.10934</z>
    </axis>
  </animation>

  <animation>
    <type>rotate</type>
    <object-name>left main gear upper arm</object-name>
    <property>gear/gear[1]/compression-ft</property>
    <interpolation>
      <entry>
        <ind>0</ind>
        <dep>0</dep>
      </entry>
      <entry>
        <ind>0.333</ind>
        <dep>25</dep>
      </entry>
      <entry>
        <ind>1</ind>
        <dep>65</dep>
      </entry>
    </interpolation>
    <center>
      <x-m>-0.728472</x-m>
      <y-m>-1.35513</y-m>
      <z-m>-0.5585561</z-m>
    </center>
    <axis>
      <x>0</x>
      <y>-0.994004</y>
      <z>0.10934</z>
    </axis>
  </animation>

  <animation>
    <type>translate</type>
    <object-name>left main wheel</object-name>
    <object-name>left main piston</object-name>
    <object-name>left main fairing</object-name>
    <object-name>left main axle</object-name>
    <object-name>left main gear lower arm</object-name>
    <property>gear/gear[1]/compression-ft</property>
    <factor>0.3</factor>
    <axis>
      <x>0</x>
      <y>0.10934</y>
      <z>0.994004</z>
    </axis>
  </animation>
  
  <animation>
    <type>rotate</type>
    <object-name>right main gear lower arm</object-name>
    <property>gear/gear[2]/compression-ft</property>
    <interpolation>
      <entry>
        <ind>0</ind>
        <dep>0</dep>
      </entry>
      <entry>
        <ind>1</ind>
        <dep>40</dep>
      </entry>
    </interpolation>
    <center>
      <x-m>-0.7402972</x-m>
      <y-m>1.38703</y-m>
      <z-m>-0.8650201</z-m>
    </center>
    <axis>
      <x>0</x>
      <y>0.994004</y>
      <z>0.10934</z>
    </axis>
  </animation>

  <animation>
    <type>rotate</type>
    <object-name>right main gear upper arm</object-name>
    <property>gear/gear[2]/compression-ft</property>
    <interpolation>
      <entry>
        <ind>0</ind>
        <dep>0</dep>
      </entry>
      <entry>
        <ind>0.333</ind>
        <dep>-25</dep>
      </entry>
      <entry>
        <ind>1</ind>
        <dep>-65</dep>
      </entry>
    </interpolation>
    <center>
      <x-m>-0.728472</x-m>
      <y-m>1.35513</y-m>
      <z-m>-0.5585561</z-m>
    </center>
    <axis>
      <x>0</x>
      <y>0.994004</y>
      <z>0.10934</z>
    </axis>
  </animation>

  <animation>
    <type>translate</type>
    <object-name>right main wheel</object-name>
    <object-name>right main piston</object-name>
    <object-name>right main fairing</object-name>
    <object-name>right main axle</object-name>
    <object-name>right main gear lower arm</object-name>
    <property>gear/gear[2]/compression-ft</property>
    <factor>0.3</factor>
    <axis>
      <x>0</x>
      <y>-0.10934</y>
      <z>0.994004</z>
    </axis>
  </animation>

  <!-- LIVERY -->

  <animation>
    <type>material</type>
    <object-name>fuselage</object-name>
    <property-base>sim/model/livery/</property-base>
    <texture-prop>texture</texture-prop>
    <texture>fuselage-n301dp.png</texture>
  </animation>

  <!-- DOOR -->

  <animation>
    <type>rotate</type>
    <object-name>door</object-name>
    <object-name>door window</object-name>
    <property>controls/door</property>
    <factor>90</factor>
    <axis>
      <x1-m>-1.91226</x1-m>
      <y1-m>0.5664281</y1-m>
      <z1-m>-0.189439</z1-m>
      <x2-m>-1.91022</x2-m>
      <y2-m>0.5463464</y2-m>
      <z2-m>0.0711347</z2-m>
    </axis>
  </animation>

  <!-- ELEVATOR -->

  <animation>
    <type>rotate</type>
    <object-name>elevator</object-name>
    <object-name>elevator trim tab</object-name>
    <property>controls/flight/elevator</property>
    <factor>8</factor>
    <center>
      <x-m> 2.74</x-m>
      <y-m> 0.00</y-m>
      <z-m> 0.12</z-m>
    </center>
    <axis>
      <x>0.0</x>
      <y>1.0</y>
      <z>0.0</z>
    </axis>
  </animation>

  <animation>
    <type>rotate</type>
    <object-name>elevator</object-name>
    <object-name>elevator trim tab</object-name>
    <property>controls/flight/elevator-trim</property>
    <factor>4</factor>
    <center>
      <x-m> 2.74</x-m>
      <y-m> 0.00</y-m>
      <z-m> 0.12</z-m>
    </center>
    <axis>
      <x>0.0</x>
      <y>1.0</y>
      <z>0.0</z>
    </axis>
  </animation>

  <animation>
    <type>rotate</type>
    <object-name>elevator trim tab</object-name>
    <property>controls/flight/elevator</property>
    <factor>8</factor>
    <center>
      <x-m> 3.388</x-m>
      <y-m> 0.000</y-m>
      <z-m> 0.110</z-m>
    </center>
    <axis>
      <x>0.0</x>
      <y>1.0</y>
      <z>0.0</z>
    </axis>
  </animation>

  <animation>
    <type>rotate</type>
    <object-name>elevator trim tab</object-name>
    <property>controls/flight/elevator-trim</property>
    <factor>-12</factor>
    <center>
      <x-m> 3.388</x-m>
      <y-m> 0.000</y-m>
      <z-m> 0.110</z-m>
    </center>
    <axis>
      <x>0.0</x>
      <y>1.0</y>
      <z>0.0</z>
    </axis>
  </animation>

  <!-- RUDDER -->

  <animation>
    <type>rotate</type>
    <object-name>rudder</object-name>
    <property>controls/flight/rudder</property>
    <factor>20</factor>
    <axis>
      <x1-m> 2.9293</x1-m>
      <y1-m> 0.0000</y1-m>
      <z1-m> 0.3265</z1-m>
      <x2-m> 3.3312</x2-m>
      <y2-m> 0.0000</y2-m>
      <z2-m> 1.4553</z2-m>
    </axis>
  </animation>

  <!-- AILERONS -->

  <animation>
    <type>rotate</type>
    <object-name>left aileron</object-name>
    <property>controls/flight/aileron</property>
    <factor>-25</factor>
    <axis>
      <x1-m>-0.244</x1-m>
      <y1-m>-2.703</y1-m>
      <z1-m>-0.134</z1-m>
      <x2-m>-0.482</x2-m>
      <y2-m>-5.438</y2-m>
      <z2-m> 0.175</z2-m>
    </axis>
  </animation>

  <animation>
    <type>rotate</type>
    <object-name>right aileron</object-name>
    <property>controls/flight/aileron</property>
    <factor>-25</factor>
    <axis>
      <x1-m>-0.244</x1-m>
      <y1-m> 2.703</y1-m>
      <z1-m>-0.134</z1-m>
      <x2-m>-0.482</x2-m>
      <y2-m> 5.438</y2-m>
      <z2-m> 0.175</z2-m>
    </axis>
  </animation>

  <!-- FLAPS -->

  <animation>
    <type>rotate</type>
    <object-name>left flap</object-name>
    <object-name>left flap arm</object-name>
    <property>surface-positions/flap-pos-norm</property>
    <factor>-50</factor>
    <axis>
      <x1-m>-0.238</x1-m>
      <y1-m>-0.601</y1-m>
      <z1-m>-0.376</z1-m>
      <x2-m>-0.238</x2-m>
      <y2-m>-2.699</y2-m>
      <z2-m>-0.133</z2-m>
    </axis>
  </animation>

  <animation>
    <type>rotate</type>
    <object-name>left flap arm</object-name>
    <property>surface-positions/flap-pos-norm</property>
    <factor>35</factor>
    <axis>
      <x1-m>-0.1580</x1-m>
      <y1-m>-0.6595</y1-m>
      <z1-m>-0.4505</z1-m>
      <x2-m>-0.1580</x2-m>
      <y2-m>-2.5458</y2-m>
      <z2-m>-0.2188</z2-m>
    </axis>
  </animation>

  <animation>
    <type>rotate</type>
    <object-name>right flap</object-name>
    <object-name>right flap arm</object-name>
    <property>surface-positions/flap-pos-norm</property>
    <factor>50</factor>
    <axis>
      <x1-m>-0.238</x1-m>
      <y1-m> 0.601</y1-m>
      <z1-m>-0.376</z1-m>
      <x2-m>-0.238</x2-m>
      <y2-m> 2.699</y2-m>
      <z2-m>-0.133</z2-m>
    </axis>
  </animation>

  <animation>
    <type>rotate</type>
    <object-name>right flap arm</object-name>
    <property>surface-positions/flap-pos-norm</property>
    <factor>-35</factor>
    <axis>
      <x1-m>-0.1580</x1-m>
      <y1-m> 0.6595</y1-m>
      <z1-m>-0.4505</z1-m>
      <x2-m>-0.1580</x2-m>
      <y2-m> 2.5458</y2-m>
      <z2-m>-0.2188</z2-m>
    </axis>
  </animation>

  <!-- LANDING LIGHTS -->

  <animation>
    <type>blend</type>
    <object-name>left landing light flare</object-name>
    <object-name>right landing light flare</object-name>
    <property>electrical/outputs/landing-lights/brightness</property>
    <offset>1</offset>
    <factor>-1.0</factor>
  </animation>

  <animation>
    <type>flash</type>
    <object-name>left landing light flare</object-name>
    <offset>0.0</offset>
    <factor>1.0</factor>
    <power>1.5</power>
    <two-sides type="bool">false</two-sides>
    <min>0.0</min>
    <max>1.0</max>
    <center>
      <x-m>-1.36</x-m>
      <y-m>-5.52</y-m>
      <z-m> 0.21</z-m>
    </center>
    <axis>
      <x>-0.9</x>
      <y>-0.1</y>
      <z>-0.1</z>
    </axis>
  </animation>

  <animation>
    <type>flash</type>
    <object-name>right landing light flare</object-name>
    <offset>0.0</offset>
    <factor>1.0</factor>
    <power>1.5</power>
    <two-sides type="bool">false</two-sides>
    <min>0.0</min>
    <max>1.0</max>
    <center>
      <x-m>-1.36</x-m>
      <y-m> 5.52</y-m>
      <z-m> 0.21</z-m>
    </center>
    <axis>
      <x>-0.9</x>
      <y> 0.1</y>
      <z>-0.1</z>
    </axis>
  </animation>

  <animation>
    <type>light</type>
    <light-type>spot</light-type>
    <name>left landing light</name>
    <object-name>left landing light volume</object-name>
    <nopreview />
    <position>
      <x>-2.23</x>
      <y>-5.53</y>
      <z> 0.20</z>
    </position>
    <direction>
      <x>-0.90</x>
      <y> 0.10</y>
      <z> 0.00</z>
    </direction>
    <ambient>
      <r>0.03</r>
      <g>0.03</g>
      <b>0.03</b>
      <a>1.0</a>
    </ambient>
    <diffuse>
      <r>38.00</r>
      <g>37.00</g>
      <b>40.00</b>
      <a> 1.00</a>
    </diffuse>
    <specular>
      <r>5.00</r>
      <g>5.00</g>
      <b>5.00</b>
      <a>1.00</a>
    </specular>
    <dim-factor>
      <property>electrical/outputs/landing-lights/brightness</property>
      <factor>1.0</factor>
    </dim-factor>
    <attenuation>
      <c>0.2</c>
      <l>0.08</l>
      <q>0.01</q>
    </attenuation>
    <exponent>40.0</exponent>
    <cutoff>150.0</cutoff>
    <near-m> 1.0</near-m>
    <far-m> 110.0</far-m>
  </animation>

  <animation>
    <type>light</type>
    <light-type>spot</light-type>
    <name>right landing light</name>
    <object-name>right landing light volume</object-name>
    <nopreview />
    <position>
      <x>-2.23</x>
      <y> 5.53</y>
      <z> 0.20</z>
    </position>
    <direction>
      <x>-1.00</x>
      <y> 0.00</y>
      <z> 0.00</z>
    </direction>
    <ambient>
      <r>0.03</r>
      <g>0.03</g>
      <b>0.03</b>
      <a>1.0</a>
    </ambient>
    <diffuse>
      <r>38.00</r>
      <g>37.00</g>
      <b>40.00</b>
      <a> 1.00</a>
    </diffuse>
    <specular>
      <r>5.00</r>
      <g>5.00</g>
      <b>5.00</b>
      <a>1.00</a>
    </specular>
    <dim-factor>
      <property>electrical/outputs/landing-lights/brightness</property>
      <factor>1.0</factor>
    </dim-factor>
    <attenuation>
      <c>0.2</c>
      <l>0.08</l>
      <q>0.01</q>
    </attenuation>
    <exponent>40.0</exponent>
    <cutoff>150.0</cutoff>
    <near-m> 1.0</near-m>
    <far-m> 110.0</far-m>
  </animation>

  <animation>
    <type>light</type>
    <light-type>point</light-type>
    <name>left landing light glow</name>
    <object-name>left landing light glow volume</object-name>
    <nopreview />
    <position>
      <x>-2.23</x>
      <y>-5.53</y>
      <z> 0.40</z>
    </position>
    <ambient>
      <r>0.03</r>
      <g>0.03</g>
      <b>0.03</b>
      <a>1.0</a>
    </ambient>
    <diffuse>
      <r>30.00</r>
      <g>30.00</g>
      <b>30.00</b>
      <a> 1.00</a>
    </diffuse>
    <specular>
      <r>100.00</r>
      <g>100.00</g>
      <b>100.00</b>
      <a>10.00</a>
    </specular>
    <dim-factor>
      <property>electrical/outputs/landing-lights/brightness</property>
      <factor>1.0</factor>
    </dim-factor>
    <attenuation>
      <c>0.00</c>
      <l>30.00</l>
      <q>30.00</q>
    </attenuation>
    <near-m> 0.05</near-m>
    <far-m>  8.00</far-m>
  </animation>

  <animation>
    <type>light</type>
    <light-type>point</light-type>
    <name>right landing light glow</name>
    <object-name>right landing light glow volume</object-name>
    <nopreview />
    <position>
      <x>-2.23</x>
      <y> 5.53</y>
      <z> 0.40</z>
    </position>
    <ambient>
      <r>0.03</r>
      <g>0.03</g>
      <b>0.03</b>
      <a>1.0</a>
    </ambient>
    <diffuse>
      <r>30.00</r>
      <g>30.00</g>
      <b>30.00</b>
      <a> 1.00</a>
    </diffuse>
    <specular>
      <r>100.00</r>
      <g>100.00</g>
      <b>100.00</b>
      <a>10.00</a>
    </specular>
    <dim-factor>
      <property>electrical/outputs/landing-lights/brightness</property>
      <factor>1.0</factor>
    </dim-factor>
    <attenuation>
      <c>0.00</c>
      <l>30.00</l>
      <q>30.00</q>
    </attenuation>
    <near-m> 0.05</near-m>
    <far-m>  8.00</far-m>
  </animation>

  <animation>
    <type>select</type>
    <object-name>left landing light</object-name>
    <object-name>right landing light</object-name>
    <object-name>left landing light glow</object-name>
    <condition>
      <greater-than>
        <property>electrical/outputs/landing-lights/brightness</property>
        <value>0.05</value>
      </greater-than>
    </condition>
  </animation>

  <!-- Final rembrandt -->

  <animation>
    <type>select</type>
    <object-name>cockpit light</object-name>
    <object-name>left landing light</object-name>
    <object-name>right landing light</object-name>
    <condition>
      <and>
        <property>/sim/rendering/rembrandt/enabled</property>
        <greater-than>
          <property>/sim/rendering/shaders/lights</property>
          <value>2.0</value>
        </greater-than>
      </and>
    </condition>
  </animation>

  <!-- Navigation lights -->

  <animation>
    <type>material</type>
    <object-name>left navigation light source</object-name>
    <emission>
      <red>1</red>
      <green>0.0</green>
      <blue>0.0</blue>
      <factor-prop>electrical/outputs/navigation-lights/brightness</factor-prop>
    </emission>
  </animation>

  <animation>
    <type>material</type>
    <object-name>right navigation light source</object-name>
    <emission>
      <red>0.0</red>
      <green>1.0</green>
      <blue>0.0</blue>
      <factor-prop>electrical/outputs/navigation-lights/brightness</factor-prop>
    </emission>
  </animation>

  <animation>
    <type>blend</type>
    <object-name>left navigation light flare</object-name>
    <object-name>right navigation light flare</object-name>
    <property>electrical/outputs/navigation-lights/brightness</property>
    <offset>1</offset>
    <factor>-1.0</factor>
  </animation>

  <animation>
    <type>flash</type>
    <object-name>left navigation light flare</object-name>
    <offset>0.0</offset>
    <factor>1.0</factor>
    <power>1.5</power>
    <two-sides type="bool">false</two-sides>
    <min>0.0</min>
    <max>1.0</max>
    <center>
      <x-m>-0.83</x-m>
      <y-m>-5.65</y-m>
      <z-m> 0.21</z-m>
    </center>
    <axis>
      <x> 0.0</x>
      <y>-1.0</y>
      <z> 0.0</z>
    </axis>
  </animation>

  <animation>
    <type>flash</type>
    <object-name>right navigation light flare</object-name>
    <offset>0.0</offset>
    <factor>1.0</factor>
    <power>1.5</power>
    <two-sides type="bool">false</two-sides>
    <min>0.0</min>
    <max>1.0</max>
    <center>
      <x-m>-0.83</x-m>
      <y-m> 5.65</y-m>
      <z-m> 0.21</z-m>
    </center>
    <axis>
      <x> 0.0</x>
      <y> 1.0</y>
      <z> 0.0</z>
    </axis>
  </animation>

  <!-- rembrandt -->

  <animation>
    <type>light</type>
    <light-type>point</light-type>
    <name>left navigation light</name>
    <object-name>left navigation light volume</object-name>
    <nopreview />
    <position>
      <x>-0.83</x>
      <y>-5.75</y>
      <z> 0.62</z>
    </position>
    <ambient>
      <r>0.05</r>
      <g>0.05</g>
      <b>0.04</b>
      <a>1.0</a>
    </ambient>
    <diffuse>
      <r>3.0</r>
      <g>0.1</g>
      <b>0.1</b>
      <a>1.0</a>
    </diffuse>
    <specular>
      <r>0.7</r>
      <g>0.1</g>
      <b>0.1</b>
      <a>1.0</a>
    </specular>
    <dim-factor>
      <property>electrical/outputs/navigation-lights/brightness</property>
      <factor>1.0</factor>
    </dim-factor>
    <attenuation>
      <c>0.5</c>
      <l>4.4</l>
      <q>1.0</q>
    </attenuation>
    <near-m> 0.15</near-m>
    <far-m> 10.0</far-m>
  </animation>

  <animation>
    <type>light</type>
    <light-type>point</light-type>
    <name>right navigation light</name>
    <object-name>right navigation light volume</object-name>
    <nopreview />
    <position>
      <x>-0.83</x>
      <y> 5.75</y>
      <z> 0.62</z>
    </position>
    <ambient>
      <r>0.05</r>
      <g>0.05</g>
      <b>0.04</b>
      <a>1.0</a>
    </ambient>
    <diffuse>
      <r>0.1</r>
      <g>3.0</g>
      <b>0.1</b>
      <a>1.0</a>
    </diffuse>
    <specular>
      <r>0.1</r>
      <g>0.7</g>
      <b>0.1</b>
      <a>1.0</a>
    </specular>
    <dim-factor>
      <property>electrical/outputs/navigation-lights/brightness</property>
      <factor>1.0</factor>
    </dim-factor>
    <attenuation>
      <c>0.5</c>
      <l>4.4</l>
      <q>1.0</q>
    </attenuation>
    <near-m> 0.15</near-m>
    <far-m> 10.0</far-m>
  </animation>

  <animation>
    <type>select</type>
    <object-name>left navigation light</object-name>
    <object-name>right navigation light</object-name>
    <condition>
      <greater-than>
        <property>electrical/outputs/navigation-lights/brightness</property>
        <value>0.05</value>
      </greater-than>
    </condition>
  </animation>

  <!-- Strobe lights -->

  <animation>
    <type>blend</type>
    <object-name>left strobe light flare</object-name>
    <object-name>right strobe light flare</object-name>
    <property>electrical/outputs/strobe/light/state</property>
    <offset>1</offset>
    <factor>-1.0</factor>
  </animation>
  
  <!-- left -->

  <animation>
    <type>translate</type>
    <object-name>left strobe light flare</object-name>
    <offset-m>5.8</offset-m>
    <axis>
      <x>-0.79</x>
      <y>-5.80</y>
      <z> 0.21</z>
    </axis>
  </animation>

  <animation>
    <type>billboard</type>
    <object-name>left strobe light flare</object-name>
    <spherical type="bool">true</spherical>
  </animation>

  <animation>
    <type>dist-scale</type>
    <object-name>left strobe light flare</object-name>
    <interpolation>
      <entry>
        <ind>0</ind>
        <dep>1</dep>
      </entry>
      <entry>
        <ind>500</ind>
        <dep>5</dep>
      </entry>
      <entry>
        <ind>16000</ind>
        <dep>30</dep>
      </entry>
    </interpolation>
  </animation>

  <!-- rembrandt -->

  <animation>
    <type>light</type>
    <light-type>point</light-type>
    <name>left strobe light</name>
    <object-name>left strobe light volume</object-name>
    <nopreview />
    <position>
      <x>-0.83</x>
      <y>-5.75</y>
      <z> 0.62</z>
    </position>
    <ambient>
      <r>0.05</r>
      <g>0.05</g>
      <b>0.04</b>
      <a>1.0</a>
    </ambient>
    <diffuse>
      <r>5.0</r>
      <g>5.0</g>
      <b>5.0</b>
      <a>1.0</a>
    </diffuse>
    <specular>
      <r>0.7</r>
      <g>0.7</g>
      <b>0.7</b>
      <a>1.0</a>
    </specular>
    <dim-factor>
      <property>electrical/outputs/strobe/light/state</property>
      <factor>1.0</factor>
    </dim-factor>
    <attenuation>
      <c>0.5</c>
      <l>5.0</l>
      <q>0.8</q>
    </attenuation>
    <near-m> 0.15</near-m>
    <far-m> 16.0</far-m>
  </animation>

  <!-- right -->

  <animation>
    <type>translate</type>
    <object-name>right strobe light flare</object-name>
    <offset-m>5.8</offset-m>
    <axis>
      <x>-0.79</x>
      <y> 5.80</y>
      <z> 0.21</z>
    </axis>
  </animation>

  <animation>
    <type>billboard</type>
    <object-name>right strobe light flare</object-name>
    <spherical type="bool">true</spherical>
  </animation>

  <animation>
    <type>dist-scale</type>
    <object-name>right strobe light flare</object-name>
    <interpolation>
      <entry>
        <ind>0</ind>
        <dep>1</dep>
      </entry>
      <entry>
        <ind>500</ind>
        <dep>5</dep>
      </entry>
      <entry>
        <ind>16000</ind>
        <dep>30</dep>
      </entry>
    </interpolation>
  </animation>

  <!-- rembrandt -->

  <animation>
    <type>light</type>
    <light-type>point</light-type>
    <name>right strobe light</name>
    <object-name>right strobe light volume</object-name>
    <nopreview />
    <position>
      <x>-0.83</x>
      <y> 5.75</y>
      <z> 0.62</z>
    </position>
    <ambient>
      <r>0.05</r>
      <g>0.05</g>
      <b>0.04</b>
      <a>1.0</a>
    </ambient>
    <diffuse>
      <r>5.0</r>
      <g>5.0</g>
      <b>5.0</b>
      <a>1.0</a>
    </diffuse>
    <specular>
      <r>0.7</r>
      <g>0.7</g>
      <b>0.7</b>
      <a>1.0</a>
    </specular>
    <dim-factor>
      <property>electrical/outputs/strobe/light/state</property>
      <factor>1.0</factor>
    </dim-factor>
    <attenuation>
      <c>0.5</c>
      <l>5.0</l>
      <q>0.8</q>
    </attenuation>
    <near-m> 0.15</near-m>
    <far-m> 16.0</far-m>
  </animation>

  <!-- Tail beacon light -->

  <animation>
    <type>material</type>
    <object-name>tail beacon light source</object-name>
    <emission>
      <red>1.0</red>
      <green>0.4</green>
      <blue>0.4</blue>
      <factor-prop>electrical/outputs/beacon/brightness</factor-prop>
    </emission>
  </animation>

  <animation>
    <type>blend</type>
    <object-name>tail beacon light flare</object-name>
    <property>electrical/outputs/beacon/brightness</property>
    <offset>1</offset>
    <factor>-1.0</factor>
  </animation>

  <animation>
    <type>translate</type>
    <object-name>tail beacon light flare</object-name>
    <offset-m>3.66</offset-m>
    <axis>
      <x> 3.28</x>
      <y> 0.00</y>
      <z> 1.60</z>
    </axis>
  </animation>

  <animation>
    <type>billboard</type>
    <object-name>tail beacon light flare</object-name>
    <spherical type="bool">true</spherical>
  </animation>

  <animation>
    <type>dist-scale</type>
    <object-name>tail beacon light flare</object-name>
    <interpolation>
      <entry>
        <ind>0</ind>
        <dep>1</dep>
      </entry>
      <entry>
        <ind>500</ind>
        <dep>3</dep>
      </entry>
      <entry>
        <ind>16000</ind>
        <dep>25</dep>
      </entry>
    </interpolation>
  </animation>

  <!-- rembrandt -->

  <animation>
    <type>light</type>
    <light-type>point</light-type>
    <name>tail beacon light</name>
    <object-name>tail beacon light volume</object-name>
    <nopreview />
    <position>
      <x> 3.28</x>
      <y> 0.00</y>
      <z> 1.70</z>
    </position>
    <ambient>
      <r>0.05</r>
      <g>0.05</g>
      <b>0.04</b>
      <a>1.0</a>
    </ambient>
    <diffuse>
      <r>3.0</r>
      <g>0.1</g>
      <b>0.1</b>
      <a>1.0</a>
    </diffuse>
    <specular>
      <r>0.7</r>
      <g>0.1</g>
      <b>0.1</b>
      <a>1.0</a>
    </specular>
    <dim-factor>
      <property>electrical/outputs/beacon/brightness</property>
      <factor>1.0</factor>
    </dim-factor>
    <attenuation>
      <c>0.5</c>
      <l>4.4</l>
      <q>1.0</q>
    </attenuation>
    <near-m> 0.15</near-m>
    <far-m> 16.00</far-m>
  </animation>

  <animation>
    <type>select</type>
    <object-name>left strobe light</object-name>
    <object-name>right strobe light</object-name>
    <condition>
      <property>electrical/outputs/strobe/light/state</property>
    </condition>
  </animation>

  <animation>
    <type>select</type>
    <object-name>tail beacon light</object-name>
    <condition>
      <greater-than>
        <property>electrical/outputs/beacon/brightness</property>
        <value>0.05</value>
      </greater-than>
    </condition>
  </animation>

  <animation>
    <type>select</type>
    <object-name>left strobe light flare</object-name>
    <object-name>right strobe light flare</object-name>
    <object-name>left navigation light flare</object-name>
    <object-name>right navigation light flare</object-name>
    <object-name>left landing light flare</object-name>
    <object-name>right landing light flare</object-name>
    <object-name>tail beacon light flare</object-name>
    <condition>
      <not>
        <property>/sim/rendering/rembrandt/enabled</property>
      </not>
    </condition>
  </animation>

</PropertyList>
