<?xml version="1.0"?>

<PropertyList>

  <path>Instruments/altimeter/altimeter.ac</path>

  <animation>
    <type>material</type>
    <object-name>legend</object-name>
    <object-name>thousands needle</object-name>
    <object-name>hundreds needle</object-name>
    <emission>
      <red>0.2</red>
      <green>0.15</green>
      <blue>0.05</blue>
      <factor-prop>electrical/outputs/panel-lights/brightness</factor-prop>
    </emission>
  </animation>

  <animation>
    <type>shader</type>
    <shader>chrome</shader>
    <texture>Aircraft/pa28-181/Models/Effects/glossy-black-plastic.png</texture>
    <object-name>case</object-name>
    <object-name>pressure adjustment knob</object-name>
  </animation>

  <animation>
    <type>rotate</type>
    <object-name>thousands needle</object-name>
    <property>instrumentation/altimeter/indicated-altitude-ft</property>
    <factor>0.0365</factor>
    <axis>
      <x>0</x>
      <y>0</y>
      <z>-1</z>
    </axis>
    <center>
      <x-m>0</x-m>
      <y-m>0</y-m>
      <z-m>0</z-m>
    </center>
  </animation>

  <animation>
    <type>rotate</type>
    <object-name>hundreds needle</object-name>
    <property>instrumentation/altimeter/indicated-altitude-ft</property>
    <factor>0.365</factor>
    <axis>
      <x>0</x>
      <y>0</y>
      <z>-1</z>
    </axis>
    <center>
      <x-m>0</x-m>
      <y-m>0</y-m>
      <z-m>0</z-m>
    </center>
  </animation>

  <animation>
    <type>rotate</type>
    <object-name>pressure</object-name>
    <property>instrumentation/altimeter/setting-inhg</property>
    <interpolation>
      <entry>
        <ind>21</ind>
        <dep>-90</dep>
      </entry>
      <entry>
        <ind>39</ind>
        <dep>90</dep>
      </entry>
    </interpolation>
    <axis>
      <x>0</x>
      <y>0</y>
      <z>-1</z>
    </axis>
    <center>
      <x-m>0</x-m>
      <y-m>0</y-m>
      <z-m>0</z-m>
    </center>
  </animation>

  <animation>
    <type>knob</type>
    <object-name>pressure adjustment knob</object-name>
    
    <action>
      <binding>
	<command>property-adjust</command>
        <property>instrumentation/altimeter/setting-inhg</property>
        <factor>0.01</factor>
        <min>24.0</min>
        <max>34.0</max>
	<wrap>false</wrap>
      </binding>
    </action>

    <hovered>
      <binding>
        <command>set-tooltip</command>
        <tooltip-id>altimeter-setting</tooltip-id>
        <label>Altimeter inHg: %5.2f</label>
        <property>instrumentation/altimeter/setting-inhg</property>
      </binding>
    </hovered>

  </animation>

</PropertyList>
