<?xml version="1.0"?>

<PropertyList>

  <path>Instruments/kx155/kx155.ac</path>

  <animation>
    <name>display digits</name>
    <object-name>comm 00</object-name>
    <object-name>comm 01</object-name>
    <object-name>comm 02</object-name>
    <object-name>comm 03</object-name>
    <object-name>comm 04</object-name>
    <object-name>comm 05</object-name>

    <object-name>comm 10</object-name>
    <object-name>comm 11</object-name>
    <object-name>comm 12</object-name>
    <object-name>comm 13</object-name>
    <object-name>comm 14</object-name>
    <object-name>comm 15</object-name>

    <object-name>nav 00</object-name>
    <object-name>nav 01</object-name>
    <object-name>nav 02</object-name>
    <object-name>nav 03</object-name>
    <object-name>nav 04</object-name>
    <object-name>nav 05</object-name>

    <object-name>nav 10</object-name>
    <object-name>nav 11</object-name>
    <object-name>nav 12</object-name>
    <object-name>nav 13</object-name>
    <object-name>nav 14</object-name>
    <object-name>nav 15</object-name>

    <object-name>decimals</object-name>
  </animation>

  <effect>
    <condition>
      <property>/sim/rendering/rembrandt/enabled</property>
    </condition>
    <inherits-from>Effects/model-transparent</inherits-from>

    <object-name>display digits</object-name>
    <object-name>display backlight</object-name>
  </effect>

  <animation>
    <type>material</type>
    <object-name>front panel</object-name>

    <object-name>comm volume</object-name>
    <object-name>comm toggle</object-name>
    <object-name>comm knob inner ring</object-name>
    <object-name>comm knob outer ring</object-name>
    <object-name>comm channel button</object-name>

    <object-name>nav volume</object-name>
    <object-name>nav toggle</object-name>
    <object-name>nav knob inner ring</object-name>
    <object-name>nav knob outer ring</object-name>
    <object-name>nav mode button</object-name>

    <emission>
      <red>0.2</red>
      <green>0.15</green>
      <blue>0.05</blue>
      <factor-prop>electrical/outputs/panel-lights/brightness</factor-prop>
    </emission>
  </animation>

  <animation>
    <type>material</type>

    <object-name>display digits</object-name>

    <emission>
      <red>1.0</red>
      <green>0.1</green>
      <blue>0.1</blue>
      <factor-prop>electrical/outputs/avionics/brightness</factor-prop>
    </emission>
  </animation>

  <animation>
    <type>blend</type>

    <object-name>display digits</object-name>

    <property>electrical/outputs/avionics/brightness</property>
    <factor>-1</factor>
    <offset>1</offset>

  </animation>

  <!-- Comm volume-->

  <animation>
    <type>knob</type>
    <object-name>comm volume</object-name>
    
    <property>instrumentation/comm[1]/volume</property>

    <factor>270</factor>
    <offset-deg>-135</offset-deg>
    
    <center>
      <x-m>-0.014</x-m>
      <y-m> 0.064</y-m>
      <z-m> 0.000</z-m>
    </center>

    <axis>
      <x> 0</x>
      <y> 0</y>
      <z>-1</z>
    </axis>
    
    <action>
      <binding>
	<command>property-adjust</command>
        <property>instrumentation/comm[1]/volume</property>
        <factor>0.025</factor>
        <min>0</min>
        <max>1</max>
	<wrap>false</wrap>
      </binding>
    </action>

  </animation>

  <!-- Comm toggle -->

  <animation>
    <type>pick</type>

    <object-name>comm toggle</object-name>

    <action>
      <button>0</button>
      <repeatable>false</repeatable>
      <binding>
        <command>property-assign</command>
        <property>instrumentation/comm[1]/swap-button</property>
        <value>1</value>
      </binding>
      <mod-up>
        <binding>
          <command>property-swap</command>
          <property>instrumentation/comm[1]/frequencies/selected-mhz</property>
          <property>instrumentation/comm[1]/frequencies/standby-mhz</property>
        </binding>
        <binding>
          <command>property-assign</command>
          <property>instrumentation/comm[1]/swap-button</property>
          <value>0</value>
        </binding>
      </mod-up>
    </action>

  </animation>

  <animation>
    <type>translate</type>
    <object-name>comm toggle</object-name>

    <property>instrumentation/comm[1]/swap-button</property>
    <factor>0.002</factor>
    <axis>
      <x> 0</x>
      <y> 0</y>
      <z>-1</z>
    </axis>
  </animation>

  <!-- Nav toggle -->

  <animation>
    <type>pick</type>

    <object-name>nav toggle</object-name>

    <action>
      <button>0</button>
      <repeatable>false</repeatable>
      <binding>
        <command>property-assign</command>
        <property>instrumentation/nav[1]/swap-button</property>
        <value>1</value>
      </binding>
      <mod-up>
        <binding>
          <command>property-swap</command>
          <property>instrumentation/nav[1]/frequencies/selected-mhz</property>
          <property>instrumentation/nav[1]/frequencies/standby-mhz</property>
        </binding>
        <binding>
          <command>property-assign</command>
          <property>instrumentation/nav[1]/swap-button</property>
          <value>0</value>
        </binding>
      </mod-up>
    </action>

  </animation>

  <animation>
    <type>translate</type>
    <object-name>nav toggle</object-name>

    <property>instrumentation/nav[1]/swap-button</property>
    <factor>0.002</factor>
    <axis>
      <x> 0</x>
      <y> 0</y>
      <z>-1</z>
    </axis>
  </animation>

  <!-- Comm adjustment -->

  <animation>
    <type>knob</type>
    <object-name>comm knob outer ring</object-name>

    <property>instrumentation/comm[1]/frequencies/standby-mhz</property>

    <factor>20</factor>
    
    <center>
      <x-m>-0.010</x-m>
      <y-m> 0.015</y-m>
      <z-m> 0.000</z-m>
    </center>

    <axis>
      <x> 0</x>
      <y> 0</y>
      <z>-1</z>
    </axis>
    
    <action>
      <binding>
	<command>property-adjust</command>
        <property>instrumentation/comm[1]/frequencies/standby-mhz</property>
        <factor>1</factor>
        <min>118.0</min>
        <max>136.01</max>
	<wrap>true</wrap>
      </binding>
    </action>

  </animation>

  <animation>
    <type>knob</type>
    <object-name>comm knob inner ring</object-name>
    
    <property>instrumentation/comm[1]/frequencies/standby-mhz</property>

    <factor>40</factor>
    
    <center>
      <x-m>-0.010</x-m>
      <y-m> 0.015</y-m>
      <z-m> 0.000</z-m>
    </center>

    <axis>
      <x> 0</x>
      <y> 0</y>
      <z>-1</z>
    </axis>
    
    <action>
      <binding>
	<command>property-adjust</command>
        <property>instrumentation/comm[1]/frequencies/standby-mhz</property>
        <factor>0.05</factor>
        <min>118.0</min>
        <max>136.01</max>
	<wrap>true</wrap>
      </binding>
    </action>

  </animation>

  <!-- Nav adjustment -->

  <animation>
    <type>knob</type>
    <object-name>nav knob outer ring</object-name>
    
    <property>instrumentation/nav[1]/frequencies/standby-mhz</property>

    <factor>20</factor>
    
    <center>
      <x-m>-0.010</x-m>
      <y-m>-0.065</y-m>
      <z-m> 0.000</z-m>
    </center>

    <axis>
      <x> 0</x>
      <y> 0</y>
      <z>-1</z>
    </axis>
    
    <action>
      <binding>
	<command>property-adjust</command>
        <property>instrumentation/nav[1]/frequencies/standby-mhz</property>
        <factor>1</factor>
        <min>108.0</min>
        <max>117.95</max>
	<wrap>true</wrap>
      </binding>
    </action>

  </animation>

  <animation>
    <type>knob</type>
    <object-name>nav knob inner ring</object-name>
    
    <property>instrumentation/nav[1]/frequencies/standby-mhz</property>

    <factor>40</factor>
    
    <center>
      <x-m>-0.010</x-m>
      <y-m>-0.065</y-m>
      <z-m> 0.000</z-m>
    </center>

    <axis>
      <x> 0</x>
      <y> 0</y>
      <z>-1</z>
    </axis>
    
    <action>
      <binding>
	<command>property-adjust</command>
        <property>instrumentation/nav[1]/frequencies/standby-mhz</property>
        <factor>0.05</factor>
        <min>108.0</min>
        <max>117.95</max>
	<wrap>true</wrap>
      </binding>
    </action>

  </animation>

  <!-- Display -->

  <animation>
    <type>textranslate</type>
    <object-name>comm 00</object-name>
    <property>instrumentation/comm[1]/display/digit-00</property>
    <step>1</step>
    <factor>0.0469</factor>
    <bias>0.0001</bias>
    <axis>
      <x>1</x>
      <y>0</y>
      <z>0</z>
    </axis>
  </animation>

  <animation>
    <type>textranslate</type>
    <object-name>comm 01</object-name>
    <property>instrumentation/comm[1]/display/digit-01</property>
    <step>1</step>
    <factor>0.0469</factor>
    <bias>0.0001</bias>
    <axis>
      <x>1</x>
      <y>0</y>
      <z>0</z>
    </axis>
  </animation>

  <animation>
    <type>textranslate</type>
    <object-name>comm 02</object-name>
    <property>instrumentation/comm[1]/display/digit-02</property>
    <step>1</step>
    <factor>0.0469</factor>
    <bias>0.0001</bias>
    <axis>
      <x>1</x>
      <y>0</y>
      <z>0</z>
    </axis>
  </animation>

  <animation>
    <type>textranslate</type>
    <object-name>comm 03</object-name>
    <property>instrumentation/comm[1]/display/digit-03</property>
    <step>1</step>
    <factor>0.0469</factor>
    <bias>0.0001</bias>
    <axis>
      <x>1</x>
      <y>0</y>
      <z>0</z>
    </axis>
  </animation>

  <animation>
    <type>textranslate</type>
    <object-name>comm 04</object-name>
    <property>instrumentation/comm[1]/display/digit-04</property>
    <step>1</step>
    <factor>0.0469</factor>
    <bias>0.0001</bias>
    <axis>
      <x>1</x>
      <y>0</y>
      <z>0</z>
    </axis>
  </animation>

  <animation>
    <type>textranslate</type>
    <object-name>comm 05</object-name>
    <property>instrumentation/comm[1]/display/digit-05</property>
    <step>1</step>
    <factor>0.0469</factor>
    <bias>0.0001</bias>
    <axis>
      <x>1</x>
      <y>0</y>
      <z>0</z>
    </axis>
  </animation>

  <!-- Standby -->

  <animation>
    <type>textranslate</type>
    <object-name>comm 10</object-name>
    <property>instrumentation/comm[1]/display/digit-10</property>
    <step>1</step>
    <factor>0.0469</factor>
    <bias>0.0001</bias>
    <axis>
      <x>1</x>
      <y>0</y>
      <z>0</z>
    </axis>
  </animation>

  <animation>
    <type>textranslate</type>
    <object-name>comm 11</object-name>
    <property>instrumentation/comm[1]/display/digit-11</property>
    <step>1</step>
    <factor>0.0469</factor>
    <bias>0.0001</bias>
    <axis>
      <x>1</x>
      <y>0</y>
      <z>0</z>
    </axis>
  </animation>

  <animation>
    <type>textranslate</type>
    <object-name>comm 12</object-name>
    <property>instrumentation/comm[1]/display/digit-12</property>
    <step>1</step>
    <factor>0.0469</factor>
    <bias>0.0001</bias>
    <axis>
      <x>1</x>
      <y>0</y>
      <z>0</z>
    </axis>
  </animation>

  <animation>
    <type>textranslate</type>
    <object-name>comm 13</object-name>
    <property>instrumentation/comm[1]/display/digit-13</property>
    <step>1</step>
    <factor>0.0469</factor>
    <bias>0.0001</bias>
    <axis>
      <x>1</x>
      <y>0</y>
      <z>0</z>
    </axis>
  </animation>

  <animation>
    <type>textranslate</type>
    <object-name>comm 14</object-name>
    <property>instrumentation/comm[1]/display/digit-14</property>
    <step>1</step>
    <factor>0.0469</factor>
    <bias>0.0001</bias>
    <axis>
      <x>1</x>
      <y>0</y>
      <z>0</z>
    </axis>
  </animation>

  <animation>
    <type>textranslate</type>
    <object-name>comm 15</object-name>
    <property>instrumentation/comm[1]/display/digit-15</property>
    <step>1</step>
    <factor>0.0469</factor>
    <bias>0.0001</bias>
    <axis>
      <x>1</x>
      <y>0</y>
      <z>0</z>
    </axis>
  </animation>

  <!-- NAV -->

  <animation>
    <type>textranslate</type>
    <object-name>nav 00</object-name>
    <property>instrumentation/nav[1]/display/digit-00</property>
    <step>1</step>
    <factor>0.0469</factor>
    <bias>0.0001</bias>
    <axis>
      <x>1</x>
      <y>0</y>
      <z>0</z>
    </axis>
  </animation>

  <animation>
    <type>textranslate</type>
    <object-name>nav 01</object-name>
    <property>instrumentation/nav[1]/display/digit-01</property>
    <step>1</step>
    <factor>0.0469</factor>
    <bias>0.0001</bias>
    <axis>
      <x>1</x>
      <y>0</y>
      <z>0</z>
    </axis>
  </animation>

  <animation>
    <type>textranslate</type>
    <object-name>nav 02</object-name>
    <property>instrumentation/nav[1]/display/digit-02</property>
    <step>1</step>
    <factor>0.0469</factor>
    <bias>0.0001</bias>
    <axis>
      <x>1</x>
      <y>0</y>
      <z>0</z>
    </axis>
  </animation>

  <animation>
    <type>textranslate</type>
    <object-name>nav 03</object-name>
    <property>instrumentation/nav[1]/display/digit-03</property>
    <step>1</step>
    <factor>0.0469</factor>
    <bias>0.0001</bias>
    <axis>
      <x>1</x>
      <y>0</y>
      <z>0</z>
    </axis>
  </animation>

  <animation>
    <type>textranslate</type>
    <object-name>nav 04</object-name>
    <property>instrumentation/nav[1]/display/digit-04</property>
    <step>1</step>
    <factor>0.0469</factor>
    <bias>0.0001</bias>
    <axis>
      <x>1</x>
      <y>0</y>
      <z>0</z>
    </axis>
  </animation>

  <!-- Standby -->

  <animation>
    <type>textranslate</type>
    <object-name>nav 10</object-name>
    <property>instrumentation/nav[1]/display/digit-10</property>
    <step>1</step>
    <factor>0.0469</factor>
    <bias>0.0001</bias>
    <axis>
      <x>1</x>
      <y>0</y>
      <z>0</z>
    </axis>
  </animation>

  <animation>
    <type>textranslate</type>
    <object-name>nav 11</object-name>
    <property>instrumentation/nav[1]/display/digit-11</property>
    <step>1</step>
    <factor>0.0469</factor>
    <bias>0.0001</bias>
    <axis>
      <x>1</x>
      <y>0</y>
      <z>0</z>
    </axis>
  </animation>

  <animation>
    <type>textranslate</type>
    <object-name>nav 12</object-name>
    <property>instrumentation/nav[1]/display/digit-12</property>
    <step>1</step>
    <factor>0.0469</factor>
    <bias>0.0001</bias>
    <axis>
      <x>1</x>
      <y>0</y>
      <z>0</z>
    </axis>
  </animation>

  <animation>
    <type>textranslate</type>
    <object-name>nav 13</object-name>
    <property>instrumentation/nav[1]/display/digit-13</property>
    <step>1</step>
    <factor>0.0469</factor>
    <bias>0.0001</bias>
    <axis>
      <x>1</x>
      <y>0</y>
      <z>0</z>
    </axis>
  </animation>

  <animation>
    <type>textranslate</type>
    <object-name>nav 14</object-name>
    <property>instrumentation/nav[1]/display/digit-14</property>
    <step>1</step>
    <factor>0.0469</factor>
    <bias>0.0001</bias>
    <axis>
      <x>1</x>
      <y>0</y>
      <z>0</z>
    </axis>
  </animation>

</PropertyList>
