<?xml version="1.0"?>

<propeller name="prop">
  <ixx>1.7</ixx>
  <diameter unit="IN">76.0</diameter>
  <numblades>2</numblades>
  <minpitch> 22 </minpitch>
  <maxpitch> 22 </maxpitch>

  <table name="C_THRUST" type="internal">
    <tableData>
      0.0   0.068
      0.1   0.068
      0.2   0.067
      0.3   0.066
      0.4   0.064
      0.5   0.062
      0.6   0.059
      0.7   0.054
      0.8   0.043
      0.9   0.031
      1.0   0.019
      1.1   0.008
      1.2   -0.001
      1.3   -0.008
      1.4   -0.019
      1.5   -0.029
      1.6   -0.040
      1.7   -0.050
      1.8   -0.057
      1.9   -0.061
      2.0   -0.064
      2.1   -0.066
      2.2   -0.067
      2.3   -0.068
      5.0   -0.068
    </tableData>
  </table>

  <table name="C_POWER" type = "internal">
    <tableData>
      0.0   0.0580
      0.1   0.0620
      0.2   0.0600
      0.3   0.0580
      0.4   0.0520
      0.5   0.0457
      0.6   0.0436
      0.7   0.0420
      0.8   0.0372
      0.9   0.0299
      1.0   0.0202
      1.1   0.0111
      1.2   0.0075
      1.3   0.0111
      1.4   0.0202
      1.5   0.0280
      1.6   0.0346
      1.7   0.0389
      1.8   0.0421
      1.9   0.0436
      2.0   0.0445
      2.1   0.0445
      2.2   0.0442
      2.3   0.0431
      2.4   0.0424
      5.0   0.0413
    </tableData>
  </table>

</propeller>
