<?xml version="1.0"?>

<PropertyList>

  <path>piper-archer-tx-panel.ac</path>

  <!-- COCKPIT -->

  <!-- Shaders -->

  <animation>
    <type>shader</type>
    <shader>chrome</shader>
    <texture>Models/Effects/exterior-chrome.png</texture>
    <object-name>yoke rod gasket</object-name>
  </animation>

  <animation>
    <type>shader</type>
    <shader>chrome</shader>
    <texture>Models/Effects/glossy-black-plastic.png</texture>
    <object-name>throttle lever</object-name>
  </animation>

  <model>
    <name>g1000-1</name>
    <path>Instruments/g1000/g1000.xml</path>
    <offsets>
      <pitch-deg>90</pitch-deg>
      <roll-deg>180</roll-deg>
      <x-m>-1.95</x-m>
      <y-m>-0.23</y-m>
      <z-m> 0.19</z-m>
    </offsets>
  </model>

  <model>
    <name>g1000-2</name>
    <path>Instruments/g1000/g1000.xml</path>
    <offsets>
      <pitch-deg>90</pitch-deg>
      <roll-deg>180</roll-deg>
      <x-m>-1.95</x-m>
      <y-m> 0.13</y-m>
      <z-m> 0.19</z-m>
    </offsets>
  </model>

  <!-- Lighting -->

  <animation>
    <type>material</type>
    <condition>
      <not>
        <property>/sim/rendering/rembrandt/enabled</property>
      </not>
    </condition>
    <object-name>dashboard</object-name>
    <object-name>cockpit registration</object-name>
    <object-name>throttle quadrant trim</object-name>
    <object-name>throttle quadrant</object-name>
    
    <!-- <object-name>yoke mount trim</object-name> -->
    <!-- <object-name>yoke rod</object-name> -->
    <!-- <object-name>yoke rod gasket</object-name> -->
    <!-- <object-name>left yoke</object-name> -->
    <!-- <object-name>right yoke</object-name> -->
    <!-- <object-name>throttle lever</object-name> -->
    <emission>
      <red>0.3</red>
      <green>0.2</green>
      <blue>0.2</blue>
      <factor-prop>electrical/outputs/cockpit-lights/brightness</factor-prop>
    </emission>
  </animation>

  <!-- Switches -->

  <model>
    <name>switches</name>
    <path>Instruments/switches/switches.xml</path>
    <offsets>
      <pitch-deg>90</pitch-deg>
      <roll-deg>180</roll-deg>
      <x-m>-1.9610</x-m>
      <y-m> 0.1000</y-m>
      <z-m> 0.0505</z-m>
    </offsets>
  </model>

  <!-- Range -->

  <!-- controls -->
  <animation>
    <type>range</type>
    <object-name>yoke rod gasket</object-name>
    <min-m>   0</min-m>
    <min-m>1000</min-m>
  </animation>

  <!-- instruments -->
  <animation>
    <type>range</type>
    
    <min-m>   0</min-m>
    <min-m> 500</min-m>
  </animation>

  <!-- Yoke hiding -->

  <animation>
    <type>pick</type>
    <!-- *** -->
    <action>
      <button>0</button>
      <repeatable>false</repeatable>
      <binding>
        <command>property-toggle</command>
        <property>options/yoke-visible</property>
      </binding>
    </action>
  </animation>

  <!-- THROTTLE QUADRANT -->

  <!-- throttle lever -->
  
  <animation>
    <type>knob</type>
    <object-name>throttle lever</object-name>
    <property>controls/engines/engine/throttle</property>
    <interpolation>
      <entry>
	<ind>0</ind>
	<dep>0</dep>
      </entry>
      <entry>
	<ind>1</ind>
	<dep>-60</dep>
      </entry>
    </interpolation>
    <drag-direction>vertical</drag-direction>
    <axis>
      <x>0</x>
      <y>1</y>
      <z>0</z>
    </axis>
    <center>
      <x-m>-1.95</x-m>
      <y-m>0.3</y-m>
      <z-m>-0.095</z-m>
    </center>

    <action>
      <binding>
	<command>property-adjust</command>
	<property>controls/engines/engine/throttle</property>
	<factor>0.02</factor>
	<min>0.0</min>
	<max>1.0</max>                
	<wrap>false</wrap>
      </binding>
    </action>

    <hovered>
      <binding>
	<command>set-tooltip</command>
	<tooltip-id>throttle</tooltip-id>
	<label>Throttle: %d%%</label>
	<mapping>percent</mapping>
	<property>controls/engines/engine/throttle</property>
      </binding>
    </hovered>

  </animation>

  <!-- mixture lever -->
  
  <animation>
    <type>knob</type>
    <object-name>mixture lever</object-name>
    <property>controls/engines/engine/mixture</property>
    <interpolation>
      <entry>
	<ind>0</ind>
	<dep>0</dep>
      </entry>
      <entry>
	<ind>1</ind>
	<dep>-60</dep>
      </entry>
    </interpolation>
    <drag-direction>vertical</drag-direction>
    <axis>
      <x>0</x>
      <y>1</y>
      <z>0</z>
    </axis>
    <center>
      <x-m>-1.950</x-m>
      <y-m> 0.000</y-m>
      <z-m>-0.095</z-m>
    </center>

    <action>
      <binding>
	<command>property-adjust</command>
	<property>controls/engines/engine/mixture</property>
	<factor>0.02</factor>
	<min>0.0</min>
	<max>1.0</max>                
	<wrap>false</wrap>
      </binding>
    </action>

    <hovered>
      <binding>
	<command>set-tooltip</command>
	<tooltip-id>mixture</tooltip-id>
	<label>Mixture: %d%%</label>
	<mapping>percent</mapping>
	<property>controls/engines/engine/mixture</property>
      </binding>
    </hovered>

  </animation>

</PropertyList>
