<?xml version="1.0"?>
<?xml-stylesheet type="text/xsl" href="http://jsbsim.sourceforge.net/JSBSim.xsl"?>
<fdm_config name="pa28-181" version="2.0" release="ALPHA"
            xmlns:xsi="http://www.w3.org/2001/XMLSchema-instance"
            xsi:noNamespaceSchemaLocation="http://jsbsim.sourceforge.net/JSBSim.xsd">

 <fileheader>
   <author>Aeromatic v 0.95</author>
   <filecreationdate>2014-02-09</filecreationdate>
   <version>Revision: 1.15</version>
   <description>Models a PA28-181 Archer TX/LX</description>
 </fileheader>

 <metrics>
   <wingarea unit="M2">16.71</wingarea>
   <wingspan unit="M">35.00</wingspan>
   <wing_incidence>2.00</wing_incidence>
   <chord unit="M">2.0</chord>
   <htailarea unit="M2">6.468</htailarea>
   <htailarm unit="M">4.356</htailarm>
   <vtailarea unit="M2">13.54</vtailarea>
   <vtailarm unit="M">4.356</vtailarm>
   <location name="AERORP" unit="M">
     <x>-1.50</x>
     <y> 0.00</y>
     <z> 0.00</z>
   </location>
   <location name="EYEPOINT" unit="M">
     <x>0.23</x>
     <y>-0.13</y>
     <z>0.50</z>
   </location>
   <location name="VRP" unit="M">
     <x> 0.0</x>
     <y> 0.0</y>
     <z>-0.25</z>
   </location>
 </metrics>

 <mass_balance>
   <ixx unit="SLUG*FT2">982</ixx>
   <iyy unit="SLUG*FT2">754</iyy>
   <izz unit="SLUG*FT2">1631</izz>
   <emptywt unit="LBS">1416</emptywt>
   <location name="CG" unit="M">
     <x>-2.10</x>
     <y> 0.00</y>
     <z> 0.00</z>
   </location>

   <pointmass name="Payload">
     <description>Pilot</description>
     <weight unit="LBS">378.3</weight>
     <location name="POINTMASS" unit="M">
       <x>0.23</x>
       <y>-0.13</y>
       <z>0.50</z>
     </location>
   </pointmass>

 </mass_balance>

 <ground_reactions>

   <contact type="BOGEY" name="NOSE">
     <location unit="M">
       <x>-2.75</x>
       <y> 0.00</y>
       <z>-1.475</z>
     </location>
     <orientation unit="DEG">
       <pitch>14</pitch>
       <roll>0</roll>
       <yaw>0</yaw>
     </orientation>
     <static_friction>0.80</static_friction>
     <dynamic_friction>0.30</dynamic_friction>
     <rolling_friction>0.02</rolling_friction>
     <spring_coeff unit="LBS/FT">2600.00</spring_coeff>
     <damping_coeff unit="LBS/FT/SEC">600.00</damping_coeff>
     <max_steer unit="DEG">22.00</max_steer>
     <brake_group>NONE</brake_group>
     <retractable>0</retractable>
   </contact>

   <contact type="BOGEY" name="LEFT_MAIN">
     <location unit="M">
       <x>-0.63</x>
       <y>-1.5</y>
       <z>-1.36</z>
     </location>
     <static_friction>0.80</static_friction>
     <dynamic_friction>0.30</dynamic_friction>
     <rolling_friction>0.02</rolling_friction>
     <spring_coeff unit="LBS/FT">6000.00</spring_coeff>
     <damping_coeff unit="LBS/FT/SEC">1275.00</damping_coeff>
     <max_steer unit="DEG">0</max_steer>
     <brake_group>LEFT</brake_group>
     <retractable>0</retractable>
   </contact>

   <contact type="BOGEY" name="RIGHT_MAIN">
     <location unit="M">
       <x>-0.63</x>
       <y> 1.5</y>
       <z>-1.36</z>
     </location>
     <static_friction>0.80</static_friction>
     <dynamic_friction>0.30</dynamic_friction>
     <rolling_friction>0.02</rolling_friction>
     <spring_coeff unit="LBS/FT">6000.00</spring_coeff>
     <damping_coeff unit="LBS/FT/SEC">1275.00</damping_coeff>
     <max_steer unit="DEG">0</max_steer>
     <brake_group>RIGHT</brake_group>
     <retractable>0</retractable>
   </contact>

 </ground_reactions>

 <propulsion>

   <engine file="O360-A4A">
     <location unit="M">
       <x>0.38</x>
       <y>0.00</y>
       <z>0.00</z>
     </location>
     <orient unit="DEG">
       <pitch>0.00</pitch>
       <roll>0.00</roll>
       <yaw>0.00</yaw>
     </orient>
     <feed>2</feed>
     <thruster file="prop">
       <sense>-1</sense>
       <location unit="M">
         <x>0.38</x>
         <y>0.00</y>
         <z>0.00</z>
       </location>
       <orient unit="DEG">
         <pitch>0.00</pitch>
         <roll>0.00</roll>
         <yaw>0.00</yaw>
       </orient>
     </thruster>
   </engine>

   <!-- Left wing -->

   <tank type="FUEL" number="0">
     <type>AVGAS</type>
     <priority>3</priority>
     <location unit="M">
       <x>-0.3</x>
       <y>-1.0</y>
       <z>-0.3</z>
     </location>
     <capacity unit="LBS">150</capacity>
     <contents unit="LBS">150</contents>
   </tank>

   <!-- Right wing -->

   <tank type="FUEL" number="1">
     <type>AVGAS</type>
     <priority>2</priority>
     <location unit="M">
       <x>-0.3</x>
       <y> 1.0</y>
       <z>-0.3</z>
     </location>
     <capacity unit="LBS">150</capacity>
     <contents unit="LBS">150</contents>
   </tank>

   <!-- Collector tank -->

   <tank type="FUEL" number="2">
     <type>AVGAS</type>
     <priority>1</priority>
     <location unit="M">
       <x>-0.5</x>
       <y> 0.0</y>
       <z> 0.2</z>
     </location>
     <!-- Avgas is 6lb/gallon -->
     <capacity unit="LBS">1</capacity>
     <contents unit="LBS">0</contents>
   </tank>

 </propulsion>

 <system file="fuel" />

 <flight_control name="FCS: pa28-181">

   <channel name="Pitch">

     <summer name="Pitch Trim Sum">
       <input>fcs/elevator-cmd-norm</input>
       <input>fcs/pitch-trim-cmd-norm</input>
       <clipto>
         <min>-1</min>
         <max>1</max>
       </clipto>
     </summer>

     <aerosurface_scale name="Elevator Control">
       <input>fcs/pitch-trim-sum</input>
       <range>
         <min>-0.35</min>
         <max>0.35</max>
       </range>
       <output>fcs/elevator-pos-rad</output>
     </aerosurface_scale>

     <aerosurface_scale name="elevator normalization">
       <input>fcs/elevator-pos-rad</input>
       <domain>
         <min>-0.35</min>
         <max>0.35</max>
       </domain>
       <range>
         <min>-1</min>
         <max>1</max>
       </range>
       <output>fcs/elevator-pos-norm</output>
     </aerosurface_scale>

   </channel>

   <channel name="Roll">

     <summer name="Roll Trim Sum">
       <input>fcs/aileron-cmd-norm</input>
       <input>fcs/roll-trim-cmd-norm</input>
       <clipto>
         <min>-1</min>
         <max>1</max>
       </clipto>
     </summer>

     <aerosurface_scale name="Left Aileron Control">
       <input>fcs/roll-trim-sum</input>
       <range>
         <min>-0.35</min>
         <max>0.35</max>
       </range>
       <output>fcs/left-aileron-pos-rad</output>
     </aerosurface_scale>

     <aerosurface_scale name="Right Aileron Control">
       <input>fcs/roll-trim-sum</input>
       <range>
         <min>-0.35</min>
         <max>0.35</max>
       </range>
       <output>fcs/right-aileron-pos-rad</output>
     </aerosurface_scale>

     <aerosurface_scale name="left aileron normalization">
       <input>fcs/left-aileron-pos-rad</input>
       <domain>
         <min>-0.35</min>
         <max>0.35</max>
       </domain>
       <range>
         <min>-1</min>
         <max>1</max>
       </range>
       <output>fcs/left-aileron-pos-norm</output>
     </aerosurface_scale>

     <aerosurface_scale name="right aileron normalization">
       <input>fcs/right-aileron-pos-rad</input>
       <domain>
         <min>-0.35</min>
         <max>0.35</max>
       </domain>
       <range>
         <min>-1</min>
         <max>1</max>
       </range>
       <output>fcs/right-aileron-pos-norm</output>
     </aerosurface_scale>

   </channel>

   <channel name="Yaw">

     <summer name="Rudder Command Sum">
       <input>fcs/rudder-cmd-norm</input>
       <input>fcs/yaw-trim-cmd-norm</input>
       <clipto>
         <min>-1</min>
         <max>1</max>
       </clipto>
     </summer>

     <aerosurface_scale name="Rudder Control">
       <input>fcs/rudder-command-sum</input>
       <range>
         <min>-0.35</min>
         <max>0.35</max>
       </range>
       <output>fcs/rudder-pos-rad</output>
     </aerosurface_scale>

     <aerosurface_scale name="rudder normalization">
       <input>fcs/rudder-pos-rad</input>
       <domain>
         <min>-0.35</min>
         <max>0.35</max>
       </domain>
       <range>
         <min>-1</min>
         <max>1</max>
       </range>
       <output>fcs/rudder-pos-norm</output>
     </aerosurface_scale>

   </channel>

   <channel name="Flaps">
     <kinematic name="Flaps Control">
       <input>fcs/flap-cmd-norm</input>
       <traverse>
         <setting>
           <position>0</position>
           <time>0</time>
         </setting>
         <setting>
           <position>50</position>
           <time>5</time>
         </setting>
       </traverse>
       <output>fcs/flap-pos-deg</output>
     </kinematic>

     <aerosurface_scale name="flap normalization">
       <input>fcs/flap-pos-deg</input>
       <domain>
         <min>0</min>
         <max>50</max>
       </domain>
       <range>
         <min>0</min>
         <max>1</max>
       </range>
       <output>fcs/flap-pos-norm</output>
     </aerosurface_scale>

   </channel>

   <channel name="Landing Gear">
   </channel>

 </flight_control>

 <aerodynamics>

   <axis name="LIFT">

     <function name="aero/force/Lift_alpha">
       <description>Lift due to alpha</description>
       <product>
         <property>aero/qbar-psf</property>
         <property>metrics/Sw-sqft</property>
         <table>
           <independentVar lookup="row">aero/alpha-deg</independentVar>
           <tableData>
              -90  0
              -45 -0.950
              -10 -0.600
               00  0.400
               10  1.210
               14  1.300
               22  1.200
               45  0.800
               90  0.100
           </tableData>
         </table>
       </product>
     </function>

     <function name="aero/force/Lift_flap">
       <description>Delta Lift due to flaps</description>
       <product>
         <property>aero/qbar-psf</property>
         <property>metrics/Sw-sqft</property>
         <table>
           <independentVar lookup="row">fcs/flap-pos-norm</independentVar>
           <tableData>
              0.00 0.00
              0.10 0.03
              0.40 0.04
              0.70 0.12
              1.00 0.20
           </tableData>
         </table>
       </product>
     </function>

     <function name="aero/force/Lift_elevator">
       <description>Lift due to Elevator Deflection</description>
       <product>
         <property>aero/qbar-psf</property>
         <property>metrics/Sw-sqft</property>
         <property>fcs/elevator-pos-rad</property>
         <value>0.2</value>
       </product>
     </function>

   </axis>

   <axis name="DRAG">

     <function name="aero/force/Drag_basic">
       <description>Drag at zero lift</description>
       <product>
         <property>aero/qbar-psf</property>
         <property>metrics/Sw-sqft</property>
         <table>
           <independentVar lookup="row">aero/alpha-deg</independentVar>
           <tableData>
              -90  1.500
              -30  0.400
                0  0.028
               15  0.036
               40  0.080
               90  1.500
           </tableData>
         </table>
       </product>
     </function>

     <function name="aero/force/Drag_induced">
       <description>Induced drag</description>
       <product>
         <property>aero/qbar-psf</property>
         <property>metrics/Sw-sqft</property>
         <property>aero/cl-squared</property>
         <value>0.04</value>
       </product>
     </function>

     <function name="aero/force/Drag_flap">
       <description>Drag due to flaps</description>
       <product>
         <property>aero/qbar-psf</property>
         <property>metrics/Sw-sqft</property>
         <table>
           <independentVar lookup="row">fcs/flap-pos-norm</independentVar>
           <tableData>
              0.00 0.000
              0.10 0.003
              0.40 0.013
              0.70 0.038
              1.00 0.110
           </tableData>
         </table>
       </product>
     </function>

     <function name="aero/force/Drag_beta">
       <description>Drag due to sideslip</description>
       <product>
         <property>aero/qbar-psf</property>
         <property>metrics/Sw-sqft</property>
         <table>
           <independentVar lookup="row">aero/beta-deg</independentVar>
           <tableData>
              -90   1.230
              -30   0.050
                0   0.000
               30   0.050
               90   1.230
           </tableData>
         </table>
       </product>
     </function>

     <function name="aero/force/Drag_elevator">
       <description>Drag due to Elevator Deflection</description>
       <product>
         <property>aero/qbar-psf</property>
         <property>metrics/Sw-sqft</property>
         <abs><property>fcs/elevator-pos-norm</property></abs>
         <value>0.04</value>
       </product>
     </function>

   </axis>

   <axis name="SIDE">

     <function name="aero/force/Side_beta">
       <description>Side force due to beta</description>
       <product>
         <property>aero/qbar-psf</property>
         <property>metrics/Sw-sqft</property>
         <property>aero/beta-rad</property>
         <value>-1</value>
       </product>
     </function>

   </axis>

   <axis name="ROLL">

     <function name="aero/moment/Roll_dihedral">
       <description>Roll moment due to dihedral</description>
       <product>
         <property>aero/qbar-psf</property>
         <property>metrics/Sw-sqft</property>
         <property>metrics/bw-ft</property>
         <property>attitude/roll-rad</property>
         <value>-0.005</value>
       </product>
     </function>

     <function name="aero/moment/Roll_beta">
       <description>Roll moment due to beta</description>
       <product>
         <property>aero/qbar-psf</property>
         <property>metrics/Sw-sqft</property>
         <property>metrics/bw-ft</property>
         <property>aero/beta-rad</property>
         <value>-0.1</value>
       </product>
     </function>

     <function name="aero/moment/Roll_damp">
       <description>Roll moment due to roll rate</description>
       <product>
         <property>aero/qbar-psf</property>
         <property>metrics/Sw-sqft</property>
         <property>metrics/bw-ft</property>
         <property>aero/bi2vel</property>
         <property>velocities/p-aero-rad_sec</property>
         <value>-0.4</value>
       </product>
     </function>

     <function name="aero/moment/Roll_yaw">
       <description>Roll moment due to yaw rate</description>
       <product>
         <property>aero/qbar-psf</property>
         <property>metrics/Sw-sqft</property>
         <property>metrics/bw-ft</property>
         <property>aero/bi2vel</property>
         <property>velocities/r-aero-rad_sec</property>
         <value>0.15</value>
       </product>
     </function>

     <function name="aero/moment/Roll_aileron">
       <description>Roll moment due to aileron</description>
       <product>
         <property>aero/qbar-psf</property>
         <property>metrics/Sw-sqft</property>
         <property>metrics/bw-ft</property>
         <property>fcs/left-aileron-pos-rad</property>
         <value>0.35</value>
       </product>
     </function>

     <function name="aero/moment/Roll_rudder">
       <description>Roll moment due to rudder</description>
       <product>
         <property>aero/qbar-psf</property>
         <property>metrics/Sw-sqft</property>
         <property>metrics/bw-ft</property>
         <property>fcs/rudder-pos-rad</property>
         <value>0.01</value>
       </product>
     </function>

   </axis>

   <axis name="PITCH">

     <function name="aero/moment/Pitch_alpha">
       <description>Pitch moment due to alpha</description>
       <product>
          <property>aero/qbar-psf</property>
          <property>metrics/Sw-sqft</property>
          <property>metrics/cbarw-ft</property>
          <property>aero/alpha-rad</property>
          <value>-0.5</value>
       </product>
     </function>

     <function name="aero/moment/Pitch_elevator">
       <description>Pitch moment due to elevator</description>
       <product>
         <property>aero/qbar-psf</property>
         <property>metrics/Sw-sqft</property>
         <property>metrics/cbarw-ft</property>
         <property>fcs/elevator-pos-rad</property>
         <value>-0.8</value>
         <table>
           <independentVar lookup="row">aero/alpha-deg</independentVar>
           <tableData>
              -90 -0.80
              -45 -0.95
              -10 -1.05
               00  1.00
               10  1.14
               14  1.05
               22  0.85
               45  0.65
               90  0.15
           </tableData>
         </table>
       </product>
     </function>

     <function name="aero/moment/Pitch_damp">
       <description>Pitch moment due to pitch rate</description>
       <product>
         <property>aero/qbar-psf</property>
         <property>metrics/Sw-sqft</property>
         <property>metrics/cbarw-ft</property>
         <property>aero/ci2vel</property>
         <property>velocities/q-aero-rad_sec</property>
         <value>-12</value>
       </product>
     </function>

     <function name="aero/moment/Pitch_alphadot">
       <description>Pitch moment due to alpha rate</description>
       <product>
         <property>aero/qbar-psf</property>
         <property>metrics/Sw-sqft</property>
         <property>metrics/cbarw-ft</property>
         <property>aero/ci2vel</property>
         <property>aero/alphadot-rad_sec</property>
         <value>-7</value>
       </product>
     </function>

     <function name="aero/moment/Pitch_flap">
       <description>Pitch moment due to flaps</description>
       <product>
         <property>aero/qbar-psf</property>
         <property>metrics/Sw-sqft</property>
         <property>metrics/cbarw-ft</property>
         <property>aero/alpha-rad</property>
         <table>
           <independentVar lookup="row">fcs/flap-pos-deg</independentVar>
           <tableData>
              0.00 0.000
              0.66 0.002
              1.00 0.005
           </tableData>
         </table>
       </product>
     </function>

   </axis>

   <axis name="YAW">

     <function name="aero/moment/Yaw_beta">
       <description>Yaw moment due to beta</description>
       <product>
         <property>aero/qbar-psf</property>
         <property>metrics/Sw-sqft</property>
         <property>metrics/bw-ft</property>
         <property>aero/beta-rad</property>
         <value>0.12</value>
       </product>
     </function>

     <function name="aero/moment/Yaw_damp">
       <description>Yaw moment due to yaw rate</description>
       <product>
         <property>aero/qbar-psf</property>
         <property>metrics/Sw-sqft</property>
         <property>metrics/bw-ft</property>
         <property>aero/bi2vel</property>
         <property>velocities/r-aero-rad_sec</property>
         <value>-0.15</value>
       </product>
     </function>

     <function name="aero/moment/Yaw_rudder">
       <description>Yaw moment due to rudder</description>
       <product>
         <property>aero/qbar-psf</property>
         <property>metrics/Sw-sqft</property>
         <property>metrics/bw-ft</property>
         <property>fcs/rudder-pos-rad</property>
         <value>-0.05</value>
       </product>
     </function>

     <function name="aero/moment/Yaw_aileron">
       <description>Adverse yaw</description>
       <product>
         <property>aero/qbar-psf</property>
         <property>metrics/Sw-sqft</property>
         <property>metrics/bw-ft</property>
         <property>fcs/left-aileron-pos-rad</property>
         <value>-0.01</value>
       </product>
     </function>

   </axis>

 </aerodynamics>

 <external_reactions>
 </external_reactions>

</fdm_config>
