<?xml version="1.0"?>
<PropertyList>

  <sim>
    <description>Piper PA-28-181</description>
    <author>Jon Ross</author>

    <status>beta</status>

    <rating>
      <FDM type="int">1</FDM>
      <systems type="int">3</systems>
      <cockpit type="int">3</cockpit>
      <model type="int">4</model>
      <!-- 1 + 3 + 4 + 4 = 12: beta -->
    </rating>

    <startup>
      <splash-texture>splash.png</splash-texture>
    </startup>

    <flight-model>jsb</flight-model>
    <aero>pa28-181-jsbsim</aero>

    <flaps>
      <setting>0.0</setting>
      <setting>0.1</setting>
      <setting>0.4</setting>
      <setting>0.7</setting>
      <setting>1.0</setting>
    </flaps>
    
    <virtual-cockpit archive="y">true</virtual-cockpit>
    
    <allow-toggle-cockpit archive="y">true</allow-toggle-cockpit>
    
    <model>
      <path>Models/pa28-181-model.xml</path>
      <livery>
        <file type="string">trainer</file>
        <index type="int">0</index>
      </livery>
    </model>

    <sound>
      <path>Sounds/pa28-181-sound.xml</path>
    </sound>

    <view n="0">
      <name type="string">Pilot</name>
      <internal>true</internal>
      <config>
	<x-offset-m>-0.23</x-offset-m>
	<y-offset-m> 0.52</y-offset-m>
	<z-offset-m>-1.25</z-offset-m>
	<pitch-offset-deg>-10</pitch-offset-deg>
      </config>
    </view>

    <view n="101">
      <name type="string">Copilot</name>
      <internal>true</internal>
      <type>lookfrom</type>
      <config>
	<x-offset-m> 0.23</x-offset-m>
	<y-offset-m> 0.52</y-offset-m>
	<z-offset-m>-1.25</z-offset-m>
        <from-model type="bool">true</from-model>
        <heading-offset-deg type="double">0</heading-offset-deg>
        <default-heading-offset-deg>0</default-heading-offset-deg>
	<pitch-offset-deg>-10</pitch-offset-deg>
        <limits>
          <enabled type="bool">true</enabled>
        </limits>
      </config>
    </view>

    <menubar include="Dialogs/menu.xml"/>

    <weight n="0">
      <name>Pilot</name>
      <weight-lb archive="y">180</weight-lb>
      <max-lb>300</max-lb>
    </weight>

    <weight n="1">
      <name>Copilot</name>
      <weight-lb archive="y">180</weight-lb>
      <max-lb>300</max-lb>
    </weight>

    <weight n="2">
      <name>Left passenger</name>
      <weight-lb archive="y">0</weight-lb>
      <max-lb>300</max-lb>
    </weight>

    <weight n="3">
      <name>Right passenger</name>
      <weight-lb archive="y">0</weight-lb>
      <max-lb>300</max-lb>
    </weight>

    <weight n="4">
      <name>Baggage</name>
      <weight-lb archive="y">50</weight-lb>
      <max-lb>200</max-lb>
    </weight>

    <systems>
      <electrical include="Systems/electrical.xml"></electrical>
<!--      <failures include="Systems/failures.xml"></failures>-->
    </systems>

  </sim>

  <instrumentation>
    <magnetic-compass>
      <heading-bug-deg type="double" archive="y">0</heading-bug-deg>
    </magnetic-compass>
    <comm n="0">
      <frequencies>
        <selected-mhz type="double">118.3</selected-mhz>
        <standby-mhz type="double">124.5</standby-mhz>
      </frequencies>
      <volume type="double">0.0</volume>
    </comm>
    <comm n="1">
      <frequencies>
        <selected-mhz type="double">118.3</selected-mhz>
        <standby-mhz type="double">124.5</standby-mhz>
      </frequencies>
      <volume type="double">0.0</volume>
    </comm>
    <nav n="0">
      <frequencies>
        <selected-mhz type="double">118.3</selected-mhz>
        <standby-mhz type="double">124.5</standby-mhz>
      </frequencies>
      <volume type="double">0.0</volume>
    </nav>
    <nav n="1">
      <frequencies>
        <selected-mhz type="double">118.3</selected-mhz>
        <standby-mhz type="double">124.5</standby-mhz>
      </frequencies>
      <volume type="double">0.0</volume>
    </nav>
  </instrumentation>

  <options>
    <yoke-visible  type="bool" userarchive="y">true</yoke-visible>
    <wheel-fairing type="bool" userarchive="y">true</wheel-fairing>
  </options>

  <multiplay>
    <generic>
      <bool n="0" alias="/options/wheel-fairing"/>

      <float n="0" alias="/gear/gear[0]/compression-m"/>
      <float n="1" alias="/gear/gear[1]/compression-m"/>
      <float n="2" alias="/gear/gear[2]/compression-m"/>
      <string alias="/sim/multiplay/callsign"/>
    </generic>
  </multiplay>
  
  <flight-recorder>
    <replay-config type="int">0</replay-config>
    <config n="0" include="/Aircraft/Generic/flightrecorder/generic-piston-propeller-1.xml">
      <name type="string">Piper PA28-181 Flight Recorder</name>
        <signal>
          <type>float</type>
          <property type="string">/gear/gear[0]/compression-m</property>
          <interpolation>linear</interpolation>
        </signal>
        <signal>
          <type>float</type>
          <property type="string">/gear/gear[1]/compression-m</property>
          <interpolation>linear</interpolation>
        </signal>
        <signal>
          <type>float</type>
          <property type="string">/gear/gear[2]/compression-m</property>
          <interpolation>linear</interpolation>
        </signal>
    </config>
  </flight-recorder>

  <consumables>
    <fuel>
      <tank n="0">
	<name>Left</name>
	<capacity-gal_us type="double">25</capacity-gal_us>
	<level-gal_us type="double" archive="y">25</level-gal_us>
	<selected type="bool">true</selected>
      </tank>
      <tank n="1">
	<name>Right</name>
	<capacity-gal_us type="double">25</capacity-gal_us>
	<level-gal_us type="double" archive="y">25</level-gal_us>
	<selected type="bool">false</selected>
      </tank>
      <tank n="2">
	<name>Collector</name>
	<capacity-gal_us type="double">0.16</capacity-gal_us>
	<level-gal_us type="double" archive="y">0.0</level-gal_us>
	<selected type="bool">false</selected>
      </tank>
    </fuel>
  </consumables>

  <controls>
    <gear>
      <brake-parking type="double">1</brake-parking>
    </gear>
    <key type="int">   0    </key>
    <start type="bool">false</start>
    <fuel-selector type="int">-1</fuel-selector>
    <switches>
      <path></path>
      <taxi-lights       type="bool">   false </taxi-lights>
      <battery           type="bool">   false </battery>
      <alternator        type="bool">   false </alternator>
      <fuel-pump         type="bool">   false </fuel-pump>
      <landing-lights    type="bool">   false </landing-lights>
      <navigation-lights type="bool">   false </navigation-lights>
      <strobe            type="bool">   false </strobe>
      <pitot             type="bool">   false </pitot>
      <panel-lights      type="double"> 0.0   </panel-lights>
    </switches>
    <door type="double">0</door>
  </controls>

  <engines>
    <engine n="0">
      <rpm type="double">0</rpm>
      <fuel-pressure_psi type="double">0</fuel-pressure_psi>
    </engine>
  </engines>

  <!-- Keybindings -->

  <input>
    <keyboard>
      <key n="115">
        <name>s</name>
        <desc>Start engines</desc>
        <binding>
          <command>nasal</command>
          <script>engine.start(1)</script>
        </binding>
        <mod-up>
          <binding>
            <command>nasal</command>
            <script>engine.start(0)</script>
          </binding>
        </mod-up>
      </key>

      <key n="123">
        <name>{</name>
        <desc>Turn key left</desc>
        <repeat>false</repeat>
        <binding>
          <command>nasal</command>
          <script>engine.key(-1)</script>
        </binding>
        <mod-up>
          <binding>
            <command>nasal</command>
            <script>engine.key(0)</script>
          </binding>
        </mod-up>
      </key>

      <key n="125">
        <name>}</name>
        <desc>Turn key right</desc>
        <repeat>false</repeat>
        <binding>
          <command>nasal</command>
          <script>engine.key(1)</script>
        </binding>
        <mod-up>
          <binding>
            <command>nasal</command>
            <script>engine.key(0)</script>
          </binding>
        </mod-up>
      </key>
    </keyboard>
  </input>

  <!-- Structural limits -->

  <limits>
    <vne>154</vne>
    
    <max-positive-g>3.8</max-positive-g>
    <max-negative-g>0.0</max-negative-g>
  </limits>

  <nasal>
    <pa28_181>
      <file>Nasal/util.nas</file>

      <file>Nasal/fuel.nas</file>

      <file>Nasal/liveries.nas</file>
      <file>Nasal/lighting.nas</file>
      <file>Nasal/electrical.nas</file>

      <file>Nasal/scenario.nas</file>

      <file>Nasal/pa28-181.nas</file>

      <file>Aircraft/Generic/limits.nas</file>
    </pa28_181>
    <kx155>
      <file>Nasal/util.nas</file>
      <file>Nasal/kx155.nas</file>
    </kx155>
    <engine>
      <file>Nasal/util.nas</file>
      <file>Nasal/engine.nas</file>
    </engine>
    <performance>
      <file>Nasal/util.nas</file>
      <!-- <file>Nasal/performance.nas</file> -->
    </performance>
    <failures>
      <file>Nasal/util.nas</file>
      <file>Nasal/failures.nas</file>
    </failures>
  </nasal>

</PropertyList>
