<?xml version="1.0"?>
<!--
File:     O360-A4A.xml
Author:   Aero-Matic v 0.82

Inputs:
name:           O360-A4A
type:           piston
power:          180 hp
augmented?      no
injected?       no
-->

<piston_engine name="O360-A4A">
  <minmp unit="INHG">         8.3  </minmp>	<!-- Deprecated -->
  <maxmp unit="INHG">        28.5  </maxmp>	
  <displacement unit="IN3"> 361.0  </displacement>
  <maxhp>                   180.0  </maxhp>	
  <!-- bsfc>                      0.37 </bsfc -->
  <cycles>                    4.0  </cycles>
  <idlerpm>                 600.0  </idlerpm>
  <maxrpm>                 2700.0  </maxrpm>
  <maxthrottle>               1.0  </maxthrottle>
  <minthrottle>               0.1  </minthrottle>
  <sparkfaildrop>             0.1 </sparkfaildrop>
  <starter-torque>           70.0 </starter-torque>
  <feed>2</feed>
</piston_engine>
