<?xml version="1.0"?>  

<system name="fuel">
  <property value="-1">propulsion/fuel-selector</property>
  <property value="0">propulsion/fuel-pump</property>

  <property value="0">propulsion/tank[0]/engine-pump-rate-pps</property>
  <property value="0">propulsion/tank[1]/engine-pump-rate-pps</property>

  <property value="0">propulsion/tank[0]/fuel-pump-rate-pps</property>
  <property value="0">propulsion/tank[1]/fuel-pump-rate-pps</property>

  <channel name="propulsion/engine/pumping">
    
    <switch name="propulsion/tank[0]/engine-pump">
      <default value="-0.05"/>
      <test logic="OR" value="0">
        propulsion/fuel-selector        NE 0
        propulsion/engine/engine-rpm    LE 550
        propulsion/tank[0]/contents-lbs LE 0
        propulsion/tank[2]/contents-lbs GE 0.8
        propulsion/tank[2]/contents-lbs LE 0.1
      </test>
      <output>propulsion/tank[0]/engine-pump-rate-pps</output>
    </switch>
    
    <switch name="propulsion/tank[1]/engine-pump">
      <default value="-0.05"/>
      <test logic="OR" value="0">
        propulsion/fuel-selector        NE 1
        propulsion/engine/engine-rpm    LE 550
        propulsion/tank[1]/contents-lbs LE 0
        propulsion/tank[2]/contents-lbs GE 0.8
        propulsion/tank[2]/contents-lbs LE 0.1
      </test>
      <output>propulsion/tank[1]/engine-pump-rate-pps</output>
    </switch>
    
    <switch name="propulsion/tank[0]/fuel-pump">
      <default value="-0.1"/>
      <test logic="OR" value="0">
        propulsion/fuel-selector        NE 0
        propulsion/fuel-pump            EQ 0
        propulsion/tank[0]/contents-lbs LE 0
        propulsion/tank[2]/contents-lbs GE 0.8
      </test>
      <output>propulsion/tank[0]/fuel-pump-rate-pps</output>
    </switch>
    
    <switch name="propulsion/tank[1]/fuel-pump">
      <default value="-0.1"/>
      <test logic="OR" value="0">
        propulsion/fuel-selector        NE 1
        propulsion/fuel-pump            EQ 0
        propulsion/tank[1]/contents-lbs LE 0
        propulsion/tank[2]/contents-lbs GE 0.8
      </test>
      <output>propulsion/tank[1]/fuel-pump-rate-pps</output>
    </switch>
    
    <summer name="propulsion/tank[0]/pump-summer">
      <input> propulsion/tank[0]/engine-pump-rate-pps</input>
      <input> propulsion/tank[0]/fuel-pump-rate-pps</input>
      <output>propulsion/tank[0]/external-flow-rate-pps</output>
    </summer>

    <summer name="propulsion/tank[1]/pump-summer">
      <input> propulsion/tank[1]/engine-pump-rate-pps</input>
      <input> propulsion/tank[1]/fuel-pump-rate-pps</input>
      <output>propulsion/tank[1]/external-flow-rate-pps</output>
    </summer>

    <summer>
      <input>-propulsion/tank[0]/external-flow-rate-pps</input>
      <input>-propulsion/tank[1]/external-flow-rate-pps</input>
      <output>propulsion/tank[2]/external-flow-rate-pps</output>
    </summer>  
    
  </channel>      

</system>
