<?xml version="1.0"?>

<PropertyList>

  <path>Instruments/key/key.ac</path>

  <animation>
    <type>material</type>
    <object-name>backplate left</object-name>
    <object-name>backplate right</object-name>
    <emission>
      <red>0.2</red>
      <green>0.15</green>
      <blue>0.05</blue>
      <factor-prop>electrical/outputs/panel-lights/brightness</factor-prop>
    </emission>
  </animation>

  <animation>
    <type>rotate</type>
    <object-name>barrel</object-name>
    <object-name>key</object-name>
    <property>controls/key</property>
    <interpolation>
      <entry>
        <ind>  0</ind>
        <dep>-60</dep>
      </entry>
      <entry>
        <ind>  4</ind>
        <dep> 60</dep>
      </entry>
    </interpolation>
    <axis>
      <x>0</x>
      <y>0</y>
      <z>-1</z>
    </axis>
  </animation>

  <animation>
    <type>rotate</type>
    <object-name>barrel</object-name>
    <object-name>key</object-name>
    <property>controls/start</property>
    <condition>
      <equals>
        <property>controls/key</property>
        <value>3</value>
      </equals>
    </condition>
    <factor>30</factor>
    <axis>
      <x>0</x>
      <y>0</y>
      <z>-1</z>
    </axis>
  </animation>
  
  <animation>
    <type>pick</type>
    <object-name>backplate left</object-name>
    <action>
      <button>0</button>
      <repeatable>false</repeatable>
      <binding>
        <command>nasal</command>
        <script>engine.key(-1)</script>
      </binding>
      <mod-up>
        <binding>
          <command>nasal</command>
          <script>engine.key(0)</script>
        </binding>
      </mod-up>
    </action>
  </animation>
  
  <animation>
    <type>pick</type>
    <object-name>backplate right</object-name>
    <action>
      <button>0</button>
      <repeatable>false</repeatable>
      <binding>
        <command>nasal</command>
        <script>engine.key(1)</script>
      </binding>
      <mod-up>
        <binding>
          <command>nasal</command>
          <script>engine.key(0)</script>
        </binding>
      </mod-up>
    </action>
  </animation>

</PropertyList>
