<?xml version="1.0"?>

<PropertyList>

  <adf>
    <name>adf</name>
    <number>0</number>
  </adf>

  <airspeed-indicator>
    <name>airspeed-indicator</name>
    <number>0</number>
    <total-pressure>/systems/pitot/total-pressure-inhg</total-pressure>
    <static-pressure>/systems/static/pressure-inhg</static-pressure>
  </airspeed-indicator>

  <altimeter>
    <name>altimeter</name>
    <number>0</number>
    <static-pressure>/systems/static/pressure-inhg</static-pressure>
    <quantum>0</quantum>
    <tau>0</tau>
  </altimeter>

  <attitude-indicator>
    <name>attitude-indicator</name>
    <number>0</number>
    <suction>/systems/vacuum/suction-inhg</suction>
  </attitude-indicator>

  <clock>
    <name>clock</name>
    <number>0</number>
  </clock>

  <dme>
    <name>dme</name>
    <number>0</number>
  </dme>

  <altimeter>
    <name>encoder</name>
    <number>0</number>
    <static-pressure>/systems/static/pressure-inhg</static-pressure>
    <quantum>10</quantum>
    <tau>0.1</tau>
  </altimeter>

  <marker-beacon>
    <name>marker-beacon</name>
    <number>0</number>
  </marker-beacon>

  <heading-indicator-dg>
    <name>heading-indicator</name>
    <number>0</number>
    <suction>/systems/vacuum/suction-inhg</suction>
  </heading-indicator-dg>

  <KT-70>
    <name>kt-70</name>
    <number>0</number>
  </KT-70>

  <magnetic-compass>
    <name>magnetic-compass</name>
    <number>0</number>
  </magnetic-compass>

  <nav-radio>
    <name>nav</name>
    <number>0</number>
  </nav-radio>

  <nav-radio>
    <name>nav</name>
    <number>1</number>
  </nav-radio>

  <slip-skid-ball>
    <name>slip-skid-ball</name>
    <number>0</number>
  </slip-skid-ball>

  <transponder>
    <name>transponder</name>
    <number>0</number>
    <mode-c-altitude>/instrumentation/encoder/mode-c-alt-ft</mode-c-altitude>
  </transponder>

  <turn-indicator>
    <name>turn-indicator</name>
    <number>0</number>
  </turn-indicator>

  <vertical-speed-indicator>
    <name>vertical-speed-indicator</name>
    <number>0</number>
    <static-pressure>/systems/static/pressure-inhg</static-pressure>
  </vertical-speed-indicator>

</PropertyList>
