<?xml version="1.0"?>

<PropertyList>

  <!-- BATTERY -->

  <source>
    <name>battery</name>
    <type>battery</type>

    <power type="double">800</power> <!-- Max power draw -->
    <drop type="double">2</drop> <!-- Voltage drop at max power -->
    <capacity type="double">40000</capacity>
    <empty-voltage type="double">10</empty-voltage>
    <full-voltage type="double">13.5</full-voltage>
    <charge type="double">0.8</charge>

    <switch>/controls/switches/battery</switch>

    <prop type="string">/electrical/battery</prop>

    <input>alternator</input>
    <output>primary bus</output>
  </source>

  <!-- ALTERNATOR -->

  <source>
    <name>alternator</name>
    <type>alternator</type>

    <min-voltage type="double">13</min-voltage>
    <max-voltage type="double">15</max-voltage>
    <rpm-source>/engines/engine[0]</rpm-source>
    <min-rpm type="double">450</min-rpm>
    <max-rpm type="double">2800</max-rpm>
    <power type="double">350</power>

    <switch>/controls/switches/alternator</switch>

    <prop type="string">/electrical/alternator</prop>

    <output>battery</output>
  </source>

  <!-- MAIN POWER BUS -->
  
  <switch>
    <name>power bus</name>
    <prop type="string">/electrical/switches/power-bus</prop>

    <input>battery</input>
    <input>alternator</input>
  </switch>

  <!-- LIGHTING -->

  <!-- panel -->
  
  <component>
    <name>panel lights</name>
    <type>needs-power</type>

    <power type="double">7</power>
    <min-voltage type="double">8</min-voltage>
    <nominal-voltage type="double">14</nominal-voltage>

    <prop type="string">/electrical/outputs/panel-lights</prop>

    <switch>/controls/switches/panel-lights</switch>

    <input>power bus</input>
  </component>
  
  <!-- landing -->
  
  <component>
    <name>landing lights</name>
    <type>needs-power</type>

    <power type="double">30</power>
    <min-voltage type="double">8</min-voltage>
    <nominal-voltage type="double">14</nominal-voltage>

    <prop type="string">/electrical/outputs/landing-lights</prop>

    <switch>/controls/switches/landing-lights</switch>

    <input>power bus</input>
  </component>
  
  <!-- navigation -->
  
  <component>
    <name>navigation lights</name>
    <type>needs-power</type>
    
    <power type="double">5</power>
    <min-voltage type="double">8</min-voltage>
    <nominal-voltage type="double">12</nominal-voltage>

    <prop type="string">/electrical/outputs/navigation-lights</prop>

    <switch>/controls/switches/navigation-lights</switch>

    <input>power bus</input>
  </component>

  <!-- strobe -->
  
  <component>
    <name>strobe</name>
    <type>needs-power</type>

    <power type="double">20</power>
    <min-voltage type="double">8</min-voltage>
    <nominal-voltage type="double">14</nominal-voltage>

    <prop type="string">/electrical/outputs/strobe</prop>

    <switch>/controls/switches/strobe</switch>

    <input>power bus</input>
  </component>
  
  <!-- STARTER -->
  
  <component>
    <name>starter</name>
    <type>needs-power</type>

    <power type="double">700</power>
    <min-voltage type="double">10</min-voltage>
    <nominal-voltage type="double">14</nominal-voltage>

    <prop type="string">/electrical/outputs/starter</prop>

    <switch>/controls/start</switch>

    <input>power bus</input>

  </component>
  
  <!-- STALL HORN -->
  
  <component>
    <name>stall horn</name>
    <type>needs-power</type>

    <power type="double">0.1</power>
    <min-voltage type="double">10</min-voltage>
    <nominal-voltage type="double">14</nominal-voltage>

    <prop type="string">/electrical/outputs/stall-horn</prop>

    <input>power bus</input>

  </component>
  
</PropertyList>
